POSTED,PICKUP,TRUCK,DH-O,ORIGIN,DH-D,DESTINATION,TRIP,F/P,RATE,LENGTH,WEIGHT,COMPANY,CONTACT,FACTORING
 05/23 8:00pm , 5/23 , V , 19 ," Humble, TX", — ," Hutchins, TX", 220 , F , $850 , 53 ," 32,000 ", Foxconn Logistics Systems Llc , BrandonR@FoxconnLogistics.com , Available 
 05/23 8:00pm , 5/23 , VR , 0 ," Houston, TX", — ," Longview, TX", 211 , F ," $1,000 ", 53 ," 44,000 ", Archerhub , (303) 500-3109 , Available 
 05/23 8:00pm , 5/23 , VR , 0 ," Houston, TX", — ," Texarkana, TX", 294 , F ," $1,050 ", 53 ," 44,000 ", Archerhub , (303) 500-3109 , Available 
 05/23 8:00pm , 5/23 , VR , 0 ," Houston, TX", — ," Odessa, TX", 535 , F ," $1,350 ", 53 ," 44,000 ", Archerhub , (303) 500-3109 , Available 
 05/23 8:00pm , 5/23 , VR , 26 ," La Porte, TX", — ," Edwardsville, IL", 827 , F ," $2,400 ", 53 ," 43,500 ", U S Xpress Inc , (312) 660-2222 , Available 
 05/23 8:00pm , 5/23 , VR , 26 ," La Porte, TX", — ," Edwardsville, IL", 827 , F ," $2,400 ", 53 ," 43,500 ", U S Xpress Inc , (312) 660-2222 , Available 
 05/23 8:00pm , 5/23 , V , 0 ," Houston, TX", — ," Logan, OH"," 1,203 ", F , — , 53 ," 7,000 ", Total Quality Logistics Inc , (800) 580-3101 , Available 
 05/23 8:00pm , 5/23 , V , 26 ," La Porte, TX", — ," Ft Worth, TX", 294 , F , — , 53 ," 42,399 ", XPO Logistics LLC , jason.yan@xpo.com , Available 
 05/23 8:00pm , 5/23 , V , 0 ," Houston, TX", — ," El Paso, TX", 744 , F , — , 53 ," 42,000 ", Delta Logistics Llc , (828) 633-2780 , Available 
 05/23 8:00pm , 5/23 , VM , 162 ," Seguin, TX", — ," San Diego, CA"," 1,307 ", F , — , 53 ," 42,000 ", Delta Logistics Llc , (828) 633-2780 , Available 
 05/23 8:00pm , 5/23 , V , 162 ," Seguin, TX", — ," San Diego, CA"," 1,307 ", F , — , 53 ," 42,000 ", Delta Logistics Llc , (828) 633-2780 , Available 
 05/23 8:00pm , 5/23 , V , 177 ," Jacksonville, TX", — ," Dyersburg, TN", 497 , F ," $1,300 ", 53 ," 41,900 ", Keystone Transportation Quick Freight Rates , (724) 889-7026 , Available 
 05/23 8:00pm , 5/23 , V , 162 ," Seguin, TX", — ," Abilene, TX", 291 , F , — , 53 ," 44,990 ", Edge Logistics Llc , (312) 585-6941 , Available 
 05/23 8:00pm , 5/23 , VR , 16 ," Missouri City, TX", — ," Longview, TX", 226 , F , — , 53 ," 44,000 ", Edge Logistics Llc , (312) 319-4816 , Available 
 05/23 8:00pm , 5/23 , V , 62 ," Freeport, TX", — ," Ft Worth, TX", 330 , F , $900 , 53 ," 40,000 ", Prosponsive Logistics , (800) 533-3922 x4016 , Available 
 05/23 8:00pm , 5/23 , V , 0 ," Houston, TX", — ," Lakeland, FL", 978 , F ," $2,500 ", 53 ," 12,000 ", MODERN TRANSPORTATION SOLUTION INC , (316) 677-8884 , Unavailable 
 05/23 8:00pm , 5/23 , V , 144 ," Lake Charles, LA", — ," Bakersfield, CA"," 1,798 ", F , $600 , 53 ," 15,000 ", MODERN TRANSPORTATION SOLUTION INC , (316) 677-8884 , Unavailable 
 05/23 8:00pm , 5/23 , V , 144 ," Lake Charles, LA", — ," Bakersfield, CA"," 1,798 ", F , $600 , 53 ," 15,000 ", MODERN TRANSPORTATION SOLUTION INC , (316) 677-8884 , Unavailable 
 05/23 8:00pm , 5/23 , V , 186 ," Robinson, TX", — ," Chino, CA"," 1,459 ", F ," $2,550 ", 53 ," 40,000 ", MODERN TRANSPORTATION SOLUTION INC , (316) 677-8884 , Unavailable 
 05/23 8:00pm , 5/23 , V , 186 ," Robinson, TX", — ," Chino, CA"," 1,459 ", F ," $2,550 ", 53 ," 40,000 ", MODERN TRANSPORTATION SOLUTION INC , (316) 677-8884 , Unavailable 
 05/23 8:00pm , 5/23 , V , 165 ," Austin, TX", — ," W Palm Beach, FL"," 1,304 ", F ," $3,200 ", 53 ," 42,223 ", Bnsf Logistics Llc , dimitry.simand@bnsflogistics.com , Available 
 05/23 8:00pm , 5/23 , V , 0 ," Houston, TX", — ," Dallas, TX", 241 , F , — , 53 ," 40,000 ", Bronco Transportation Services LLC , (313) 636-2404 , Unavailable 
 05/23 8:00pm , 5/23 , V , 74 ," Sour Lake, TX", — ," Tyler, TX", 186 , F , $550 , 53 ," 6,000 ", Landstar Ligon , (713) 357-6035 , Available 
 05/23 8:00pm , 5/23 , V , 0 ," Houston, TX", — ," Canoga Park, CA"," 1,571 ", F ," $3,600 ", 53 ," 25,000 ", Landstar Ligon , (713) 357-7336 , Available 
 05/23 8:00pm , 5/23 , V , 165 ," McQueeney, TX", — ," Ft Worth, TX", 244 , F , $600 , 53 ," 15,000 ", Landstar Ranger Inc , (857) 577-8147 , Available 
 05/23 8:00pm , 5/23 , V , 110 ," Orange, TX", — ," Camden, AR", 309 , F , — , 53 ," 30,000 ", Landstar Ranger Inc , (857) 577-8147 , Available 
 05/23 8:00pm , 5/23 , V , 165 ," Austin, TX", — ," Hialeah, FL"," 1,343 ", F , — , 53 ," 15,000 ", Landstar Ranger Inc , (267) 313-6343 , Available 
 05/23 7:59pm , 5/23 , VR , 0 ," Houston, TX", — ," Burnet, TX", 206 , F , — , 48 ," 17,000 ", Tii Logistics Inc , (713) 292-4562 , Available 
 05/23 7:59pm , 5/23 , V , 0 ," Houston, TX", — ," Pompano Beach, FL"," 1,175 ", F , — , 53 ," 42,000 ", Xpo Logistics , (734) 757-2197 , Available 
 05/23 7:59pm , 5/23 , V , 197 ," San Antonio, TX", — ," Springdale, AR", 617 , P , $850 , 20 ," 10,000 ", Dupre Logistics LLC , (844) 452-8981 x7202 , Available 
 05/23 7:59pm , 5/23 , V , 26 ," La Porte, TX", — ," Medina, OH"," 1,336 ", F , — , 53 ," 38,900 ", Arrive Logistics , cnoori@arrivelogistics.com , Available 
 05/23 7:59pm , 5/23 , V , 0 ," Houston, TX", — ," Nashville, TN", 784 , F ," $1,900 ", 53 ," 42,000 ", Logistic Dynamics Inc , (305) 359-5669 , Available 
 05/23 7:59pm , 5/23 , VR , 197 ," San Antonio, TX", — ," Houston, TX", 197 , F , — , 53 ," 45,000 ", Edge Logistics Llc , rokasick@edgelogistics.com , Available 
 05/23 7:59pm , 5/23 , V , 0 ," Houston, TX", — ," Leander, TX", 179 , F , — , 53 ," 25,000 ", Total Quality Logistics Inc , (800) 580-3101 , Available 
 05/23 7:59pm , 5/23 , V , 109 ," Diboll, TX", — ," Dallas, TX", 182 , F , $625 , 53 ," 44,500 ", Averitt Integrated Service/Averitt Express Inc , (866) 208-0168 x3 , Unavailable 
 05/23 7:58pm , 5/23 , V , 91 ," Port Arthur, TX", — ," Lompoc, CA"," 1,785 ", F ," $4,000 ", 53 ," 12,562 ", AAGR Freight Forwarding Inc , brokerage@aagrfreight.com , Unavailable 
 05/23 7:58pm , 5/23 , V , 197 ," San Antonio, TX", — ," Fresno, CA"," 1,569 ", F , — , — ," 39,646 ", Chariot Logistics Inc , (615) 283-7454 , Available 
 05/23 7:58pm , 5/23 , V , 17 ," Channelview, TX", — ," Jacksonville, FL", 854 , F ," $2,450 ", 53 ," 42,000 ", Landstar Ranger Inc , (813) 771-7569 , Available 
 05/23 7:58pm , 5/23 , VR , 27 ," Baytown, TX", — ," Sulphur Spgs, TX", 337 , F , — , — ," 45,391 ", Seal Transportation Inc , (847) 884-4900 , Available 
 05/23 7:58pm , 5/23 , VR , 27 ," Baytown, TX", — ," Plano, TX", 281 , F , — , — ," 44,062 ", Seal Transportation Inc , (847) 884-4900 , Available 
 05/23 7:58pm , 5/23 , VR , 27 ," Baytown, TX", — ," Dallas, TX", 263 , F , — , — ," 45,543 ", Seal Transportation Inc , (847) 884-4900 , Available 
 05/23 7:58pm , 5/23 , VR , 27 ," Baytown, TX", — ," San Antonio, TX", 221 , F , — , — ," 45,562 ", Seal Transportation Inc , (847) 884-4900 , Available 
 05/23 7:58pm , 5/23 , V , 166 ," DeRidder, LA", — ," Massillon, OH"," 1,109 ", F , — , 53 , — , Confiance Logistics Llc , (800) 848-0684 , Available 
 05/23 7:58pm , 5/23 , V , 166 ," DeRidder, LA", — ," Massillon, OH"," 1,109 ", F , — , 53 , — , Confiance Logistics Llc , (800) 848-0684 , Available 
 05/23 7:58pm , 5/23 , V , 166 ," DeRidder, LA", — ," Trenton, IL", 693 , F , — , 53 , — , Confiance Logistics Llc , (800) 848-0684 , Available 
 05/23 7:58pm , 5/23 , V , 27 ," Baytown, TX", — ," Hialeah, FL"," 1,159 ", F , — , 53 ," 44,000 ", Edge Logistics Llc , vcervera@edgelogistics.com , Available 
 05/23 7:58pm , 5/23 , V , 166 ," DeRidder, LA", — ," Trenton, IL", 693 , F , — , 53 ," 43,000 ", Confiance Logistics Llc , (800) 848-0684 , Available 
 05/23 7:58pm , 5/23 , V , 166 ," DeRidder, LA", — ," Trenton, IL", 693 , F , — , 53 ," 43,000 ", Confiance Logistics Llc , loads@confiancellc.com , Available 
 05/23 7:58pm , 5/23 , V , 162 ," Seguin, TX", — ," Dallas, TX", 248 , F , — , 53 ," 42,000 ", Edge Logistics Llc , (312) 967-0854 , Available 
 05/23 7:58pm , 5/23 , V , 0 ," Houston, TX", — ," Miami, FL"," 1,189 ", F , — , 53 ," 44,000 ", Edge Logistics Llc , (312) 319-1086 , Available 
 05/23 7:58pm , 5/23 , V , 27 ," Baytown, TX", — ," Hialeah, FL"," 1,159 ", F , — , 53 ," 44,000 ", Edge Logistics Llc , (312) 967-6681 , Available 
 05/23 7:58pm , 5/23 , V , 0 ," Houston, TX", — ," Miami, FL"," 1,189 ", F , — , 53 ," 44,000 ", Edge Logistics Llc , (312) 319-1086 , Available 
 05/23 7:58pm , 5/23 , V , 27 ," Baytown, TX", — ," Miami, FL"," 1,168 ", F , — , 53 ," 44,000 ", Edge Logistics Llc , BOKASICK@EDGELOGISTICS.COM , Available 
 05/23 7:58pm , 5/23 , VR , 197 ," San Antonio, TX", — ," New Caney, TX", 227 , F , — , 53 ," 45,200 ", Edge Logistics Llc , (312) 319-4766 x1 , Available 
 05/23 7:58pm , 5/23 , VR , 197 ," San Antonio, TX", — ," New Caney, TX", 227 , F , — , 53 ," 44,990 ", Edge Logistics Llc , dmunoz@edgelogistics.com , Available 
 05/23 7:58pm , 5/23 , V , 26 ," La Porte, TX", — ," Marshall, IL", 942 , F ," $2,700 ", 53 ," 43,000 ", Lionhart , (832) 481-4664 , Available 
 05/23 7:58pm , 5/23 , V , 0 ," Houston, TX", — ," Stockton, CA"," 1,882 ", F ," $3,800 ", 53 ," 42,000 ", Liberty Solutions Logistics Llc , (513) 964-0075 , Available 
 05/23 7:58pm , 5/23 , V , 110 ," Orange, TX", — ," Camden, AR", 309 , F , — , 53 ," 30,000 ", Landstar Ranger Inc , (857) 577-8147 , Available 
 05/23 7:57pm , 5/23 , V , 0 ," Houston, TX", — ," Euless, TX", 259 , F , $850 , 53 ," 12,000 ", Pls Logistics Services , (215) 309-7681 , Available 
 05/23 7:57pm , 5/23 , V , 0 ," Houston, TX", — ," El Paso, TX", 744 , F , — , 53 ," 40,000 ", Pacific Coast Haulers Inc , (818) 731-1995 , Unavailable 
 05/23 7:57pm , 5/23 , VR , 135 ," Sulphur, LA", — ," Anaheim, CA"," 1,661 ", F ," $4,500 ", 53 ," 43,500 ", Roar Logistics Inc , (281) 893-4422 , Available 
 05/23 7:57pm , 5/23 , V , 74 ," Sour Lake, TX", — ," Tyler, TX", 186 , F , — , 53 ," 6,000 ", Landstar Ligon , (713) 357-6035 , Available 
 05/23 7:57pm , 5/23 , V , 0 ," Houston, TX", — ," Mission, TX", 354 , F , $500 , 53 ," 40,000 ", Landstar Ranger Inc , john@shipmvp.com , Available 
 05/23 7:57pm , 5/23 , V , 0 ," Houston, TX", — ," Mission, TX", 354 , F , $500 , 53 ," 40,000 ", Landstar Ranger Inc , (479) 378-5787 , Available 
 05/23 7:57pm , 5/23 , V , 26 ," La Porte, TX", — ," Roanoke, TX", 297 , F , $900 , 53 ," 42,500 ", Manco Logistics Corp , (706) 229-8961 , Available 
 05/23 7:57pm , 5/23 , V , 197 ," San Antonio, TX", — ," New Caney, TX", 227 , F , $700 , 53 ," 45,000 ", Elite Transit Solutions Llc , (412) 573-4364 , Available 
 05/23 7:57pm , 5/23 , V , 19 ," Humble, TX", — ," Houston, TX", 19 , F , $375 , 26 ," 3,622 ", American Lamprecht Transport Inc , (832) 758-3165 , Available 
 05/23 7:57pm , 5/23 , V , 26 ," La Porte, TX", — ," Brownsville, TX", 375 , F , — , 53 ," 43,500 ", Traffic Tech , dstricklin@traffictech.com , Available 
 05/23 7:57pm , 5/23 , V , 197 ," San Antonio, TX", — ," Houston, TX", 197 , F , $650 , 53 ," 5,620 "," YELLOW LOGISTICS, INC. ", (913) 906-4804 , Available 
 05/23 7:57pm , 5/23 , V , 137 ," Elgin, TX", — ," Lubbock, TX", 398 , F , — , 48 ," 44,000 ", RHL Logistics , (843) 407-7919 , Available 
 05/23 7:57pm , 5/23 , V , 0 ," Houston, TX", — ," Miami, FL"," 1,189 ", F ," $3,400 ", 53 ," 22,832 ", Total Quality Logistics Inc , (800) 580-3101 , Available 
 05/23 7:57pm , 5/23 , V , 0 ," Houston, TX", — ," Canton, OH"," 1,298 ", F , — , 53 ," 42,000 ", Total Quality Logistics Inc , JERitchie@tql.com , Available 
 05/23 7:57pm , 5/23 , V , 0 ," Houston, TX", — ," Dallas, TX", 241 , F , — , 53 ," 26,950 ", Total Quality Logistics Inc , (800) 580-3101 , Available 
 05/23 7:57pm , 5/23 , V , 0 ," Houston, TX", — ," San Antonio, TX", 197 , F , — , 53 ," 31,848 ", Total Quality Logistics Inc , (800) 580-3101 , Available 
 05/23 7:57pm , 5/23 , V , 43 ," Waller, TX", — ," Davie, FL"," 1,205 ", F , — , 53 ," 22,832 ", Total Quality Logistics Inc , (800) 580-3101 , Available 
 05/23 7:57pm , 5/23 , V , 43 ," Waller, TX", — ," Rockwall, TX", 237 , F , — , 53 ," 26,950 ", Total Quality Logistics Inc , (800) 580-3101 , Available 
 05/23 7:57pm , 5/23 , V , 52 ," Sealy, TX", — ," San Angelo, TX", 356 , F , — , 48 ," 44,000 ", RHL Logistics , (843) 407-7919 , Available 
 05/23 7:57pm , 5/23 , V , 52 ," Sealy, TX", — ," Midland, TX", 481 , F , — , 48 ," 44,000 ", RHL Logistics , (843) 407-7919 , Available 
 05/23 7:57pm , 5/23 , V , 52 ," Sealy, TX", — ," Amarillo, TX", 583 , F , — , 48 ," 44,000 ", RHL Logistics , (843) 407-7919 , Available 
 05/23 7:57pm , 5/23 , V , 43 ," Waller, TX", — ," Selma, TX", 181 , F , — , 53 ," 31,848 ", Total Quality Logistics Inc , (800) 580-3101 , Available 
 05/23 7:57pm , 5/23 , V , 137 ," Elgin, TX", — ," Midland, TX", 382 , F , — , 48 ," 44,000 ", RHL Logistics , (843) 407-7919 , Available 
 05/23 7:57pm , 5/23 , VR , 0 ," Houston, TX", — ," Dallas, TX", 241 , F , $602 , 53 ," 25,773 ", Total Quality Logistics Inc , (800) 580-3101 , Available 
 05/23 7:57pm , 5/23 , V , 165 ," Austin, TX", — ," Sherman, TX", 261 , F , — , 53 ," 40,000 ", Freight Management Group Inc , (315) 487-5816 , Available 
 05/23 7:56pm , 5/23 , V , 68 ," Eagle Lake, TX", — ," Libertyville, IL"," 1,190 ", F , — , 53 ," 43,050 ", J B S Logistics/J B S Transportation , estachelski@jbstrans.com , Available 
 05/23 7:56pm , 5/23 , VS , 0 ," Houston, TX", — ," Highland Vlg, TX", 270 , F , — , 48 ," 44,000 ", Delta Freight Solutions , (713) 425-6676 , Unavailable 
 05/23 7:56pm , 5/23 , VS , 0 ," Houston, TX", — ," Highland Vlg, TX", 270 , F , — , 48 ," 44,000 ", Delta Freight Solutions , dfs.loads@gmail.com , Unavailable 
 05/23 7:56pm , 5/23 , V , 19 ," Humble, TX", — ," Houston, TX", 19 , P , $375 , 26 ," 3,622 ", American Lamprecht Transport Inc , (832) 758-3165 , Available 
 05/23 7:56pm , 5/23 , V , 0 ," Houston, TX", — ," Cleburne, TX", 259 , F , — , 53 ," 44,000 ", Royal Transportation Services Inc , (215) 322-8845 x412 , Available 
 05/23 7:56pm , 5/23 , V , 0 ," Houston, TX", — ," Commerce, TX", 301 , F , — , 53 ," 45,000 ", Amb Logistic , dispatch22@amblogistic.us , Available 
 05/23 7:56pm , 5/23 , V , 0 ," Houston, TX", — ," Burnet, TX", 206 , F , — , 53 ," 20,000 ", Landstar Ranger , david@landstargpk.com , Available 
 05/23 7:56pm , 5/23 , VR , 196 ," Rice, TX", — ," Hereford, TX", 439 , F ," $1,100 ", 53 ," 45,000 ", Scotlynn Transport/Scotlynn Commodities , (239) 210-3000 x7906 , Available 
 05/23 7:56pm , 5/23 , VR , 0 ," Houston, TX", — ," Odessa, TX", 535 , F , — , 53 ," 44,000 ", Volta Logistics Inc , (320) 223-8615 , Available 
 05/23 7:56pm , 5/23 , VR , 0 ," Houston, TX", — ," Abilene, TX", 416 , F , — , 53 ," 44,000 ", Volta Logistics Inc , (320) 223-8615 , Available 
 05/23 7:56pm , 5/23 , V , 0 ," Houston, TX", — ," Arlington, TX", 257 , F , — , 53 ," 43,800 ", RYAAN TRANSPORTATION , (800) 578-1743 , Available 
 05/23 7:56pm , 5/23 , V , 0 ," Houston, TX", — ," Arlington, TX", 257 , F , — , 53 ," 43,800 ", RYAAN TRANSPORTATION , (800) 578-1743 , Available 
 05/23 7:56pm , 5/23 , V , 197 ," San Antonio, TX", — ," San Diego, CA"," 1,274 ", F , — , 53 ," 16,000 ", Delta Logistics Llc , (828) 633-2780 , Available 
 05/23 7:55pm , 5/23 , V , 37 ," Hockley, TX", — ," Walnut Ridge, AR", 577 , F , — , 53 ," 45,281 ", DRT Transportation LLC/KT Logistics LLC , (281) 617-3268 , Available 
 05/23 7:55pm , 5/23 , V , 0 ," Houston, TX", — ," Los Angeles, CA"," 1,545 ", F , — , 53 ," 44,000 ", Watco Supply Chain Services Llc , (469) 202-0727 , Available 
 05/23 7:55pm , 5/23 , V , 117 ," Crockett, TX", — ," Los Angeles, CA"," 1,582 ", F , — , 53 ," 44,000 ", Watco Supply Chain Services Llc , (469) 202-0727 , Available 
 05/23 7:55pm , 5/23 , V , 122 ," Pt Comfort, TX", — ," New Braunfels, TX", 145 , F , — , 53 ," 44,000 ", Landstar Ranger Inc , (240) 624-0494 , Available 
 05/23 7:55pm , 5/23 , V , 122 ," Pt Comfort, TX", — ," El Paso, TX", 702 , F , — , 53 ," 44,000 ", Landstar Ranger Inc , (240) 624-0494 , Available 
 05/23 7:55pm , 5/23 , V , 165 ," Austin, TX", — ," Corona, CA"," 1,341 ", F , — , 53 ," 20,000 ", Landstar Ranger , (551) 282-3190 , Available 
 05/23 7:55pm , 5/23 , V , 0 ," Houston, TX", — ," Longview, TX", 211 , F , — , 53 ," 43,500 ", Landstar Ranger Inc , (479) 378-5787 , Available 
 05/23 7:55pm , 5/23 , V , 135 ," Dequincy, LA", — ," Houston, TX", 135 , F , $500 , 53 ," 44,000 ", Landstar Ranger Inc , (816) 526-5101 , Available 
 05/23 7:55pm , 5/23 , V , 135 ," Dequincy, LA", — ," Houston, TX", 135 , F , — , 53 ," 44,000 ", Landstar Ranger Inc , (816) 526-5101 , Available 
 05/23 7:55pm , 5/23 , V , 15 ," Pasadena, TX", — ," Fresno, CA"," 1,777 ", F ," $2,300 ", 53 ," 43,500 ", Landstar Ranger Inc , (786) 408-9071 , Available 
 05/23 7:55pm , 5/23 , V , 122 ," Pt Comfort, TX", — ," El Paso, TX", 702 , F , — , 53 ," 44,000 ", Landstar Ranger Inc , (412) 214-0134 , Available 
 05/23 7:55pm , 5/23 , V , 141 ," Westlake, LA", — ," San Jose, CA"," 2,024 ", F , — , 53 ," 39,000 ", Landstar Ranger Inc , (870) 650-4080 , Available 
 05/23 7:55pm , 5/23 , V , 0 ," Houston, TX", — ," Ft Smith, AR", 517 , F , — , 53 ," 43,000 ", Landstar Ranger , (346) 296-5405 , Available 
 05/23 7:55pm , 5/23 , V , 122 ," Pt Comfort, TX", — ," New Braunfels, TX", 145 , F , — , 53 ," 44,000 ", Landstar Ranger Inc , (412) 214-0134 , Available 
 05/23 7:55pm , 5/23 , V , 0 ," Houston, TX", — ," Ft Smith, AR", 517 , F , — , 53 ," 43,000 ", Landstar Ranger , (346) 296-5405 , Available 
 05/23 7:55pm , 5/23 , V , 17 ," Channelview, TX", — ," Jacksonville, FL", 854 , F ," $2,200 ", 53 ," 40,000 ", Landstar Ranger Inc , (901) 557-4878 , Available 
 05/23 7:55pm , 5/23 , V , 17 ," Channelview, TX", — ," Jacksonville, FL", 854 , F ," $2,200 ", 53 ," 40,000 ", Landstar Ranger Inc , max@ltragency.com , Available 
 05/23 7:55pm , 5/23 , V , 0 ," Houston, TX", — ," Springdale, AR", 583 , P , — , 16 ," 23,000 ", Online Freight Service Inc , (651) 468-6868 , Available 
 05/23 7:55pm , 5/23 , VF , 0 ," Houston, TX", — ," Springdale, AR", 583 , F , — , 48 ," 45,301 ", Online Freight Service Inc , (651) 468-6868 , Available 
 05/23 7:55pm , 5/23 , V , 165 ," Austin, TX", — ," Mt Sterling, IL", 897 , F , — , 53 ," 4,841 ", Echo Global Logistics Inc , (312) 784-4177 , Available 
 05/23 7:55pm , 5/23 , V , 197 ," San Antonio, TX", — ," Forney, TX", 292 , F , — , 53 ," 44,000 "," XPO Logistics, LLC ", (515) 299-6718 , Unavailable 
 05/23 7:55pm , 5/23 , V , 15 ," Pasadena, TX", — ," Cleburne, TX", 272 , F , — , 53 ," 44,000 ", Royal Transportation Services Inc , (215) 322-8845 x412 , Available 
 05/23 7:55pm , 5/23 , VF , 176 ," New Braunfels, TX", — ," Kermit, TX", 383 , F ," $1,050 ", — ," 44,000 ", Bedrock Logistics , (469) 238-0320 , Available 
 05/23 7:55pm , 5/23 , V , 110 ," Orange, TX", — ," Dyersburg, TN", 615 , F ," $1,650 ", 53 ," 39,668 ", Schneider National Inc , TilotR@schneider.com , Available 
 05/23 7:55pm , 5/23 , V , 43 ," Waller, TX", — ," Miami, FL"," 1,229 ", F , — , 53 ," 25,000 ", Ryan Transportation Service Inc , (913) 890-6519 , Available 
 05/23 7:55pm , 5/23 , V , 104 ," Silsbee, TX", — ," Ft Worth, TX", 316 , F ," $1,000 ", 53 ," 43,230 ", Ryan Transportation Service Inc , hpiersoneib@ryantrans.com , Available 
 05/23 7:55pm , 5/23 , V , 197 ," San Antonio, TX", — ," Rio Grande Cy, TX", 262 , F , — , 53 ," 42,000 ", Mode Transportation Llc , (956) 271-9971 , Available 
 05/23 7:55pm , 5/23 , VR , 197 ," San Antonio, TX", — ," Rio Grande Cy, TX", 262 , F , — , 53 ," 42,000 ", Mode Transportation Llc , (956) 227-7716 , Available 
 05/23 7:55pm , 5/23 , V , 15 ," Pasadena, TX", — ," Waco, TX", 199 , F , — , 53 ," 44,000 ", ArcBest Logistics Inc , (877) 279-8144 , Available 
 05/23 7:55pm , 5/23 , V , 197 ," San Antonio, TX", — ," Modesto, CA"," 1,662 ", F , — , 53 ," 23,000 ", Bnsf Logistics Llc , kenneth.nagel@bnsflogistics.com , Available 
 05/23 7:55pm , 5/23 , V , 0 ," Houston, TX", — ," El Paso, TX", 744 , F , — , 53 ," 44,000 ", Sun City Group Inc , (915) 593-5900 , Available 
 05/23 7:55pm , 5/23 , V , 27 ," Baytown, TX", — ," Lodi, OH"," 1,317 ", F , — , 53 ," 45,000 ", Bridge Logistics Inc , (844) 330-5750 , Available 
 05/23 7:55pm , 5/23 , V , 21 ," Sugar Land, TX", — ," Irving, TX", 269 , F , $900 , 53 ," 8,000 ", Globaltranz/Circle 8 Logistics , (224) 515-7267 , Available 
 05/23 7:54pm , 5/23 , V , 17 ," N Houston, TX", — ," The Colony, TX", 260 , F , — , 53 ," 42,500 ", Mode Transportation Llc , rosharonops@modetransportation.com , Available 
 05/23 7:54pm , 5/23 , V , 0 ," Houston, TX", — ," Concord Twp, OH"," 1,309 ", F , — , 53 ," 16,718 ", Globaltranz Enterprises Llc , (412) 626-5839 , Available 
 05/23 7:54pm , 5/23 , V , 41 ," Conroe, TX", — ," Hutchins, TX", 189 , F , $600 , 53 ," 44,000 ", Landstar Ranger Inc , vincent@qspteam.com , Available 
 05/23 7:54pm , 5/23 , V , 162 ," Seguin, TX", — ," New Caney, TX", 192 , F , $800 , 53 ," 43,000 ", Elite Transit Solutions Llc , (412) 573-4363 , Available 
 05/23 7:54pm , 5/23 , V , 15 ," Pasadena, TX", — ," Little Rock, AR", 450 , F , $600 , 53 ," 32,000 ", Cargo Solution Brokerage , Jaz@cargosolution.net , Available 
 05/23 7:53pm , 5/23 , V , 175 ," Georgetown, TX", — ," Jacksonville, FL"," 1,043 ", F ," $2,400 ", 53 ," 35,000 ", Covenant Transport Solutions Llc , (423) 702-2844 , Available 
 05/23 7:53pm , 5/23 , V , 197 ," San Antonio, TX", — ," Luthrvl Timonm, MD"," 1,636 ", F , — , 53 ," 10,000 ", Empire Freight Logistics , (315) 414-0399 x1 , Available 
 05/23 7:53pm , 5/23 , V , 28 ," Spring, TX", — ," Dallas, TX", 219 , F , $850 , 53 ," 39,000 ", Allen Lund Company , doug.plantada@allenlund.com , Available 
 05/23 7:53pm , 5/23 , VR , 0 ," Houston, TX", — ," Bentonville, AR", 597 , F , $800 , 53 ," 25,000 ", Total Quality Logistics Inc , MHatfield@tql.com , Available 
 05/23 7:53pm , 5/23 , VR , 0 ," Houston, TX", — ," Alachua, FL", 846 , F ," $2,600 ", 53 ," 44,000 ", TOP NOTCH FREIGHT SYSTEMS LLC/TEXAS TNT SERVICES , (832) 532-6961 x1 , Available 
 05/23 7:53pm , 5/23 , VR , 0 ," Houston, TX", — ," Alachua, FL", 846 , F ," $2,600 ", 53 ," 44,000 ", TOP NOTCH FREIGHT SYSTEMS LLC/TEXAS TNT SERVICES , (832) 532-6961 x1 , Available 
 05/23 7:53pm , 5/23 , VR , 0 ," Houston, TX", — ," High Spgs, FL", 835 , F ," $2,600 ", 53 ," 44,000 ", TOP NOTCH FREIGHT SYSTEMS LLC/TEXAS TNT SERVICES , (832) 532-6961 x1 , Available 
 05/23 7:53pm , 5/23 , VR , 0 ," Houston, TX", — ," High Spgs, FL", 835 , F ," $2,600 ", 53 ," 44,000 ", TOP NOTCH FREIGHT SYSTEMS LLC/TEXAS TNT SERVICES , (832) 532-6961 x1 , Available 
 05/23 7:53pm , 5/23 , VR , 0 ," Houston, TX", — ," Temple, TX", 168 , F , — , 53 ," 43,000 ", Edge Logistics Llc , dmunoz@edgelogistics.com , Available 
 05/23 7:53pm , 5/23 , V , 0 ," Houston, TX", — ," Miami, FL"," 1,189 ", F ," $3,400 ", 53 ," 23,000 ", Total Quality Logistics Inc , (800) 580-3101 x44874 , Available 
 05/23 7:53pm , 5/23 , V , 43 ," Waller, TX", — ," Miami, FL"," 1,229 ", F ," $3,400 ", 53 ," 23,000 ", Total Quality Logistics Inc , (800) 580-3101 x44874 , Available 
 05/23 7:53pm , 5/23 , V , 28 ," Spring, TX", — ," Dallas, TX", 219 , F , $850 , 53 ," 39,000 ", Allen Lund Company , (800) 300-5863 , Available 
 05/23 7:53pm , 5/23 , V , 168 ," Temple, TX", — ," Cleburne, TX", 96 , F , — , 53 ," 44,500 ", Edge Logistics Llc , Miramirez@edgelogistics.com , Available 
 05/23 7:53pm , 5/23 , VR , 162 ," Seguin, TX", — ," New Caney, TX", 192 , F , — , 53 ," 44,500 ", Edge Logistics Llc , Miramirez@edgelogistics.com , Available 
 05/23 7:53pm , 5/23 , VR , 19 ," Humble, TX", — ," McAllen, TX", 365 , F , — , 53 ," 42,000 ", Mode Transportation Llc , (956) 615-8365 , Available 
 05/23 7:53pm , 5/23 , V , 0 ," Houston, TX", — ," Cleburne, TX", 259 , F , $800 , 53 ," 8,200 ", Becker Logistics Inc , (630) 529-0700 x5076 , Available 
 05/23 7:53pm , 5/23 , V , 16 ," Missouri City, TX", — ," Corpus Christi, TX", 202 , F , $800 , 53 ," 42,826 ", Tanager Logistics Llc , (210) 489-1660 , Available 
 05/23 7:53pm , 5/23 , V , 52 ," Sealy, TX", — ," Dallas, TX", 238 , F , — , 53 ," 20,332 ", Mode Transportation Llc , (815) 717-8381 , Available 
 05/23 7:53pm , 5/23 , V , 197 ," San Antonio, TX", — ," El Paso, TX", 551 , P , — , 48 , 833 , Nexterus Inc , (717) 227-5637 , Unavailable 
 05/23 7:53pm , 5/23 , V , 0 ," Houston, TX", — ," Dallas, TX", 241 , F , $800 , 53 ," 40,000 ", Bronco Transportation Services LLC , (313) 263-6313 , Unavailable 
 05/23 7:52pm , 5/23 , V , 197 ," San Antonio, TX", — ," Bakersfield, CA"," 1,463 ", F ," $3,200 ", 53 ," 37,527 ", Total Quality Logistics Inc , (800) 580-3101 , Available 
 05/23 7:52pm , 5/23 , V , 0 ," Houston, TX", — ," Fresno, CA"," 1,762 ", F ," $3,200 ", 53 ," 37,527 ", Total Quality Logistics Inc , (800) 580-3101 , Available 
 05/23 7:52pm , 5/23 , V , 0 ," Houston, TX", — ," Mesquite, TX", 242 , F , $700 , 53 ," 44,500 ", Landstar Ranger Inc , mark@igrtrans.com , Available 
 05/23 7:52pm , 5/23 , V , 0 ," Houston, TX", — ," Mesquite, TX", 242 , F , $700 , 53 ," 44,500 ", Landstar Ranger Inc , (346) 463-6427 x508 , Available 
 05/23 7:52pm , 5/23 , V , 0 ," Houston, TX", — ," McAllen, TX", 347 , F , — , 53 ," 44,000 ", Total Quality Logistics Inc , (800) 580-3101 , Available 
 05/23 7:52pm , 5/23 , V , 0 ," Houston, TX", — ," Laredo, TX", 353 , F , — , 53 ," 42,000 ", Washington Freight Ways Inc , (206) 385-4322 , Unavailable 
 05/23 7:52pm , 5/23 , V , 41 ," Conroe, TX", — ," Farmers Branch, TX", 215 , F , $650 , 53 ," 15,000 ", Arrive Logistics , (737) 530-2506 , Available 
 05/23 7:52pm , 5/23 , V , 41 ," Conroe, TX", — ," Farmers Branch, TX", 215 , F , $650 , 53 ," 15,000 ", Arrive Logistics , (737) 530-2506 , Available 
 05/23 7:52pm , 5/23 , V , 0 ," Houston, TX", — ," San Antonio, TX", 197 , F , $700 , 53 ," 42,000 ", Landstar Ranger Inc , (901) 557-4878 , Available 
 05/23 7:52pm , 5/23 , V , 0 ," Houston, TX", — ," San Antonio, TX", 197 , F , $700 , 53 ," 42,000 ", Landstar Ranger Inc , monica@ltragency.com , Available 
 05/23 7:52pm , 5/23 , VR , 15 ," Pasadena, TX", — ," Lubbock, TX", 595 , F ," $1,300 ", 53 ," 45,679 ", American Logistics Inc , (574) 387-5212 , Available 
 05/23 7:52pm , 5/23 , V , 0 ," Houston, TX", — ," Ft Myers, FL"," 1,098 ", F ," $2,900 ", 53 ," 44,000 ", Linkage Logistics Inc , (317) 436-7476 x206 , Available 
 05/23 7:52pm , 5/23 , V , 197 ," San Antonio, TX", — ," Houston, TX", 197 , F , $800 , 53 ," 43,000 ", Elite Transit Solutions Llc , (412) 573-4363 , Available 
 05/23 7:52pm , 5/23 , V , 0 ," Houston, TX", — ," Mesquite, TX", 242 , F , — , 53 ," 36,552 ", Mode Transportation Llc , (815) 717-8381 , Available 
 05/23 7:52pm , 5/23 , VR , 0 ," Houston, TX", — ," McAllen, TX", 347 , F , — , 53 ," 42,000 ", Mode Transportation Llc , (956) 227-7716 , Available 
 05/23 7:52pm , 5/23 , V , 0 ," Houston, TX", — ," Fremont, CA"," 1,908 ", F , — , 53 ," 40,000 ", Mill Corporation/Newman & Company , jscoleri@millcorporation.com , Available 
 05/23 7:52pm , 5/23 , V , 0 ," Houston, TX", — ," McAllen, TX", 347 , F , — , 53 ," 43,000 ", Mode Transportation Llc , (956) 615-8365 , Available 
 05/23 7:52pm , 5/23 , V , 168 ," Temple, TX", — ," Cleburne, TX", 96 , F , — , 53 ," 45,200 ", Edge Logistics Llc , (312) 741-1507 , Available 
 05/23 7:52pm , 5/23 , V , 23 ," Webster, TX", — ," Dallas, TX", 262 , F , $600 , 53 ," 20,000 ", Magellan Transport Logistics Inc , (904) 580-3400 , Available 
 05/23 7:52pm , 5/23 , V , 27 ," Baytown, TX", — ," Brownsville, TX", 379 , F ," $1,200 ", 53 ," 40,000 ", Tallgrass Freight Company Llc , (913) 721-0079 x650 , Available 
 05/23 7:52pm , 5/23 , V , 91 ," Port Arthur, TX", — ," New Boston, TX", 279 , F ," $1,350 ", 53 ," 44,000 ", Updike Distribution Logistics Llc , (602) 682-1805 , Available 
 05/23 7:52pm , 5/23 , VF , 52 ," Sealy, TX", — ," Midland, TX", 481 , F , — , 48 ," 44,000 ", Rapid Tranz , (615) 867-9902 , Available 
 05/23 7:52pm , 5/23 , VF , 52 ," Sealy, TX", — ," Amarillo, TX", 583 , F , — , 48 ," 44,000 ", Rapid Tranz , (615) 867-9902 , Available 
 05/23 7:52pm , 5/23 , VF , 137 ," Elgin, TX", — ," Midland, TX", 382 , F , — , 48 ," 44,000 ", Rapid Tranz , (615) 867-9902 , Available 
 05/23 7:52pm , 5/23 , VF , 52 ," Sealy, TX", — ," Lubbock, TX", 496 , F , — , 48 ," 44,000 ", Rapid Tranz , (615) 867-9902 , Available 
 05/23 7:52pm , 5/23 , VF , 137 ," Elgin, TX", — ," Lubbock, TX", 398 , F , — , 48 ," 44,000 ", Rapid Tranz , (615) 867-9902 , Available 
 05/23 7:52pm , 5/23 , VR , 15 ," Pasadena, TX", — ," Van Horn, TX", 626 , F , — , 53 ," 44,650 ", Taylor Logistics Inc , melissa@taylorlog.com , Available 
 05/23 7:52pm , 5/23 , V , 144 ," Lake Charles, LA", — ," San Antonio, TX", 338 , F , — , 53 ," 44,000 ", Uber Freight Llc , (872) 703-8346 , Available 
 05/23 7:52pm , 5/23 , V , 33 ," Rosenberg, TX", — ," Kissimmee, FL", 997 , F , — , 53 ," 30,000 ", Uber Freight Llc , (872) 703-8346 , Available 
 05/23 7:52pm , 5/23 , V , 144 ," Lake Charles, LA", — ," San Antonio, TX", 338 , F , — , 53 ," 44,000 ", Uber Freight Llc , (872) 703-8346 , Available 
 05/23 7:51pm , 5/23 , V , 165 ," Austin, TX", — ," Dallas, TX", 197 , F , — , 53 ," 44,250 ", Ch Robinson Company , (833) 428-5247 , Available 
 05/23 7:51pm , 5/23 , V , 165 ," Austin, TX", — ," Houston, TX", 165 , F , — , 53 ," 35,000 ", XPO Logistics LLC , joseph.sikora@xpo.com , Available 
 05/23 7:51pm , 5/23 , V , 0 ," Houston, TX", — ," Euless, TX", 259 , F , $850 , 53 ," 12,000 ", Pls Logistics Services , (215) 309-7661 , Available 
 05/23 7:51pm , 5/23 , V , 0 ," Houston, TX", — ," Grand Prairie, TX", 251 , F , $750 , 53 ," 38,000 ", Prosponsive Logistics , mjett@prosponsive.com , Available 
 05/23 7:51pm , 5/23 , V , 197 ," San Antonio, TX", — ," Pasadena, TX", 211 , F , $700 , 53 ," 44,500 ", Ihr Logistics Llc/Ihr Transport , (281) 298-7099 , Available 
 05/23 7:51pm , 5/23 , V , 27 ," Baytown, TX", — ," Brownsville, TX", 379 , F , — , 53 ," 42,000 ", Washington Freight Ways Inc , (206) 385-4322 , Unavailable 
 05/23 7:51pm , 5/23 , V , 176 ," New Braunfels, TX", — ," Laredo, TX", 189 , F , — , 53 ," 40,000 ", Armstrong Transport Group Inc , rsandhu@armstrongtransport.com , Available 
 05/23 7:51pm , 5/23 , V , 0 ," Houston, TX", — ," Medley, FL"," 1,178 ", F ," $2,900 ", 53 ," 41,900 ", AAGR Freight Forwarding Inc , (470) 747-7703 , Unavailable 
 05/23 7:51pm , 5/23 , V , 197 ," San Antonio, TX", — ," Carrollton, TX", 289 , F , — , 53 ," 40,000 ", Its National Llc/Its Logistics Llc , (775) 501-3110 , Available 
 05/23 7:51pm , 5/23 , V , 15 ," Pasadena, TX", — ," Waco, TX", 199 , F , $750 , 53 ," 44,000 ", Royal Transportation Services Inc , (215) 322-8845 , Available 
 05/23 7:51pm , 5/23 , V , 15 ," Pasadena, TX", — ," Ft Worth, TX", 283 , F , $750 , 53 ," 44,000 ", Royal Transportation Services Inc , (215) 322-8845 , Available 
 05/23 7:51pm , 5/23 , V , 15 ," Pasadena, TX", — ," El Paso, TX", 759 , F ," $1,550 ", 53 ," 44,000 ", Royal Transportation Services Inc , (215) 322-8845 , Available 
 05/23 7:51pm , 5/23 , V , 15 ," Pasadena, TX", — ," Cleburne, TX", 272 , F , — , 53 ," 44,000 ", Royal Transportation Services Inc , (215) 322-8845 , Available 
 05/23 7:50pm , 5/23 , V , 175 ," Georgetown, TX", — ," Georgetown, TX", 0 , F , — , 53 ," 35,000 ", Gulf Relay Logistics Llc/Gulf Relay Llc , jotero@gulfrelay.com , Available 
 05/23 7:50pm , 5/23 , V , 26 ," La Porte, TX", — ," Amarillo, TX", 631 , F ," $1,500 ", 53 ," 39,771 ", Veritiv Operating Company , (866) 797-5018 , Available 
 05/23 7:50pm , 5/23 , V , 144 ," Lake Charles, LA", — ," Odessa, TX", 676 , F ," $1,950 ", 53 ," 40,000 ", Total Quality Logistics Inc , (800) 580-3101 , Available 
 05/23 7:50pm , 5/23 , V , 144 ," Lake Charles, LA", — ," Odessa, TX", 676 , F ," $1,950 ", 53 ," 40,000 ", Total Quality Logistics Inc , (800) 580-3101 , Available 
 05/23 7:50pm , 5/23 , V , 88 ," Beaumont, TX", — ," El Paso, TX", 831 , F ," $1,950 ", 53 ," 40,000 ", Total Quality Logistics Inc , (800) 580-3101 , Available 
 05/23 7:50pm , 5/23 , V , 177 ," Jacksonville, TX", — ," Dyersburg, TN", 497 , F , — , 53 ," 42,000 ", Landstar Ranger Inc , (830) 208-2151 , Available 
 05/23 7:50pm , 5/23 , V , 144 ," Lake Charles, LA", — ," San Antonio, TX", 338 , F , $800 , 53 ," 44,000 ", Landstar Ranger Inc , (667) 217-5141 , Available 
 05/23 7:50pm , 5/23 , V , 0 ," Houston, TX", — ," Mission, TX", 354 , F , $500 , 53 ," 42,000 ", Landstar Ranger Inc , sean@shipnct.com , Available 
 05/23 7:50pm , 5/23 , V , 0 ," Houston, TX", — ," Brookfield, OH"," 1,348 ", P ," $1,000 ", 8 , 500 , Globaltranz/Lps , (480) 339-5885 , Available 
 05/23 7:50pm , 5/23 , V , 175 ," Belton, TX", — ," Dallas, TX", 138 , F , $900 , 53 ," 42,003 ", Pepsi Logistics Company Inc , PBCPLCISOUTH@pepsico.com , Available 
 05/23 7:50pm , 5/23 , V , 15 ," Pasadena, TX", — ," Bulls Gap, TN", 977 , F , — , — ," 44,500 ", Traffic Tech , (770) 772-0614 , Available 
 05/23 7:50pm , 5/23 , V , 0 ," Houston, TX", — ," Compton, CA"," 1,547 ", F ," $3,000 ", 53 ," 42,000 ", Total Quality Logistics Inc , (800) 580-3101 , Available 
 05/23 7:50pm , 5/23 , V , 0 ," Houston, TX", — ," Ennis, TX", 206 , F , — , 53 ," 40,000 ", ArcBest Logistics Inc , (877) 279-8144 , Available 
 05/23 7:50pm , 5/23 , V , 26 ," La Porte, TX", — ," Cahokia, IL", 796 , F ," $1,600 ", 53 ," 43,000 ", Landstar Inway , (870) 298-4596 , Available 
 05/23 7:50pm , 5/23 , VR , 15 ," Pasadena, TX", — ," Lubbock, TX", 595 , F ," $1,300 ", 53 ," 45,679 ", American Logistics Inc , (843) 999-2709 , Available 
 05/23 7:50pm , 5/23 , VR , 26 ," La Porte, TX", — ," Paris, TX", 367 , F ," $1,200 ", 53 ," 42,874 ", American Logistics Inc , (843) 999-2709 , Available 
 05/23 7:50pm , 5/23 , VR , 26 ," La Porte, TX", — ," Paris, TX", 367 , F ," $1,200 ", 53 ," 42,874 ", American Logistics Inc , (574) 387-5212 , Available 
 05/23 7:50pm , 5/23 , V , 0 ," Houston, TX", — ," Medina, OH"," 1,278 ", F , — , 53 ," 44,000 ", King Of Freight LLC , (316) 413-3480 , Available 
 05/23 7:50pm , 5/23 , V , 197 ," San Antonio, TX", — ," Abilene, TX", 258 , F ," $1,400 ", 53 ," 45,000 ", Pepsi Logistics Company Inc , PBCPLCISOUTH@pepsico.com , Available 
 05/23 7:50pm , 5/23 , V , 0 ," Houston, TX", — ," Miami, FL"," 1,189 ", F , — , 53 ," 42,000 ", Cargo Solution Brokerage , jaxon@cargosolution.net , Available 
 05/23 7:50pm , 5/23 , V , 197 ," San Antonio, TX", — ," Fresno, CA"," 1,569 ", F ," $4,100 ", 53 ," 39,000 ", Chariot Logistics Inc , (615) 283-7454 , Available 
 05/23 7:50pm , 5/23 , V , 27 ," Baytown, TX", — ," San Diego, CA"," 1,492 ", F ," $3,000 ", 53 ," 44,000 ", Armstrong Transport Group Inc , (208) 917-8504 , Available 
 05/23 7:50pm , 5/23 , VR , 44 ," Angleton, TX", — ," Mesquite, TX", 284 , F ," $1,000 ", 53 ," 44,800 ", American Transport Group Llc , (773) 413-6517 , Available 
 05/23 7:50pm , 5/23 , V , 98 ," College Sta, TX", — ," Grapevine, TX", 199 , F , $800 , 53 ," 21,000 ", Landstar Ranger Inc , (786) 408-9071 , Available 
 05/23 7:49pm , 5/23 , V , 0 ," Houston, TX", — ," Trumann, AR", 581 , F ," $1,200 ", 53 ," 44,000 ", Paul Logistics Inc/Paul Transportation Inc , (866) 440-7285 , Available 
 05/23 7:49pm , 5/23 , V , 0 ," Houston, TX", — ," Dallas, TX", 241 , F , $675 , 53 ," 44,000 ", Paul Logistics Inc/Paul Transportation Inc , (866) 440-7285 , Available 
 05/23 7:49pm , 5/23 , V , 0 ," Houston, TX", — ," Ft Worth, TX", 270 , F , $675 , 53 ," 44,000 ", Paul Logistics Inc/Paul Transportation Inc , (866) 440-7285 , Available 
 05/23 7:49pm , 5/23 , V , 0 ," Houston, TX", — ," Orange, TX", 110 , F , $500 , 48 ," 43,000 ", Paul Logistics Inc/Paul Transportation Inc , (866) 440-7285 , Available 
 05/23 7:49pm , 5/23 , V , 155 ," Taylor, TX", — ," Forney, TX", 186 , F , — , 53 ," 43,000 "," XPO Logistics, LLC ", (515) 299-6718 , Unavailable 
 05/23 7:49pm , 5/23 , VR , 0 ," Houston, TX", — ," Tyler, TX", 205 , F , — , 53 ," 42,000 ", SUNTECK TRANSPORT CO LLC , (316) 260-4435 , Available 
 05/23 7:49pm , 5/23 , VR , 0 ," Houston, TX", — ," Tyler, TX", 205 , F , — , 53 ," 42,000 ", SUNTECK TRANSPORT CO LLC , (316) 260-4430 , Available 
 05/23 7:49pm , 5/23 , V , 197 ," San Antonio, TX", — ," Edison, CA"," 1,448 ", F , — , 53 ," 40,000 ", Navajo Express Inc , (866) 540-7820 , Available 
 05/23 7:49pm , 5/23 , V , 197 ," San Antonio, TX", — ," Edison, CA"," 1,448 ", F , — , 53 ," 30,000 ", Navajo Express Inc , (866) 540-7820 , Available 
 05/23 7:49pm , 5/23 , V , 26 ," La Porte, TX", — ," Sonora, TX", 390 , F , — , 53 ," 9,000 ", Timco Logistics Systems/Timco Logistics Brokerage , (281) 838-2077 , Available 
 05/23 7:49pm , 5/23 , V , 0 ," Houston, TX", — ," Eldorado, TX", 383 , F , — , 53 ," 9,000 ", Timco Logistics Systems/Timco Logistics Brokerage , (281) 838-2077 , Available 
 05/23 7:49pm , 5/23 , V , 26 ," La Porte, TX", — ," Medina, TX", 287 , F , — , 53 ," 38,808 ", Arrive Logistics , mcabrera@arrivelogistics.com , Available 
 05/23 7:49pm , 5/23 , V , 0 ," Houston, TX", — ," Arlington, TX", 257 , F , $600 , 53 ," 43,000 ", Tc Freight Llc , (281) 806-7615 , Unavailable 
 05/23 7:49pm , 5/23 , V , 0 ," Houston, TX", — ," Melrose, TN", 929 , F ," $2,300 ", 53 ," 42,500 ", Loadsmart Inc , (917) 438-9292 , Available 
 05/23 7:49pm , 5/23 , V , 144 ," Lake Charles, LA", — ," Denton, TX", 419 , F ," $1,100 ", 53 ," 40,000 ", Total Quality Logistics Inc , (800) 580-3101 , Available 
 05/23 7:49pm , 5/23 , V , 0 ," Houston, TX", — ," Ft Worth, TX", 270 , F ," $1,100 ", 53 ," 40,000 ", Total Quality Logistics Inc , (800) 580-3101 , Available 
 05/23 7:49pm , 5/23 , V , 88 ," Beaumont, TX", — ," Dallas, TX", 325 , F ," $1,100 ", 53 ," 40,000 ", Total Quality Logistics Inc , (800) 580-3101 , Available 
 05/23 7:49pm , 5/23 , V , 0 ," Houston, TX", — ," Austin, TX", 165 , F , $650 , 53 ," 15,000 ", Fifth Wheel Freight , (616) 965-7277 , Available 
 05/23 7:49pm , 5/23 , V , 0 ," Houston, TX", — ," Tyler, TX", 205 , F , $850 , 53 ," 45,000 ", Nt Logistics , (469) 362-5050 , Available 
 05/23 7:49pm , 5/23 , VR , 0 ," Houston, TX", — ," Lewisville, TX", 265 , F , $700 , 48 ," 42,000 ", Shram Logistics Solutions , (859) 963-3019 , Available 
 05/23 7:49pm , 5/23 , VR , 26 ," La Porte, TX", — ," Lewisville, TX", 289 , F , $700 , 48 ," 42,000 ", Shram Logistics Solutions , (859) 963-3019 , Available 
 05/23 7:49pm , 5/23 , VR , 73 ," Brenham, TX", — ," Dallas, TX", 208 , F , $700 , 48 ," 42,000 ", Shram Logistics Solutions , (859) 963-3019 , Available 
 05/23 7:49pm , 5/23 , VR , 73 ," Brenham, TX", — ," Roanoke, TX", 221 , F , $700 , 48 ," 42,000 ", Shram Logistics Solutions , (859) 963-3019 , Available 
 05/23 7:48pm , 5/23 , V , 0 ," Houston, TX", — ," Hawkins, TX", 229 , F , — , 53 ," 45,000 ", Nt Logistics , (469) 362-5050 , Available 
 05/23 7:48pm , 5/23 , V , 0 ," Houston, TX", — ," Tyler, TX", 205 , F , — , 53 ," 45,000 ", Nt Logistics , (469) 362-5050 , Available 
 05/23 7:48pm , 5/23 , V , 15 ," Pasadena, TX", — ," Joliet, IL"," 1,077 ", F ," $2,600 ", 53 ," 37,000 ", MEGA FREIGHT LOGISTICS INC , (949) 214-2225 , Unavailable 
 05/23 7:48pm , 5/23 , V , 0 ," Houston, TX", — ," New Caney, TX", 30 , F , $300 , 53 ," 10,000 ", Zeon Logistics Inc , (956) 790-0097 , Unavailable 
 05/23 7:48pm , 5/23 , V , 0 ," Houston, TX", — ," Jacksonville, FL", 870 , F , — , 53 ," 40,000 ", Becker Logistics Inc , jack.mann@beckerlogistics.com , Available 
 05/23 7:48pm , 5/23 , V , 0 ," Houston, TX", — ," Miami, FL"," 1,189 ", F ," $3,200 ", 53 ," 32,000 ", Landstar Ranger Inc , (786) 408-9071 , Available 
 05/23 7:48pm , 5/23 , V , 0 ," Houston, TX", — ," Dallas, TX", 241 , F , — , 53 ," 44,000 ", Total Quality Logistics Inc , TSparace@tql.com , Available 
 05/23 7:48pm , 5/23 , V , 15 ," Pasadena, TX", — ," San Jose, CA"," 1,898 ", F ," $3,500 ", 53 ," 38,000 ", Rose Logistics Group Inc , alan@roselogisticsgroup.com , Unavailable 
 05/23 7:48pm , 5/23 , VR , 15 ," Pasadena, TX", — ," Arlington, TX", 270 , F , — , 53 ," 44,000 ", Total Quality Logistics Inc , MEhlali@tql.com , Available 
 05/23 7:48pm , 5/23 , V , 0 ," Houston, TX", — ," Greenfield, TN", 692 , F ," $1,800 ", 53 ," 44,500 ", Globaltranz Enterprises Llc , (913) 271-2183 , Available 
 05/23 7:48pm , 5/23 , V , 0 ," Houston, TX", — ," Greenfield, TN", 692 , F ," $1,800 ", 53 ," 44,500 ", Globaltranz Enterprises Llc , (913) 271-2183 , Available 
 05/23 7:47pm , 5/23 , V , 0 ," Houston, TX", — ," Morris, IL"," 1,022 ", F ," $2,600 ", 53 ," 22,000 ", Circle Logistics Inc , MCKENNA.SOCH@CIRCLEDELIVERS.COM , Available 
 05/23 7:47pm , 5/23 , V , 0 ," Houston, TX", — ," Arlington, TX", 257 , F , — , 53 ," 43,800 ", RYAAN TRANSPORTATION , (800) 578-1743 , Available 
 05/23 7:47pm , 5/23 , V , 52 ," Sealy, TX", — ," San Angelo, TX", 356 , F , — , 48 ," 45,000 ", Trinity Logistics Inc , (806) 722-0500 , Available 
 05/23 7:47pm , 5/23 , VF , 52 ," Sealy, TX", — ," Midland, TX", 481 , F , — , 48 ," 45,000 ", Trinity Logistics Inc , (806) 722-0500 , Available 
 05/23 7:47pm , 5/23 , VF , 52 ," Sealy, TX", — ," Lubbock, TX", 496 , F , — , 48 ," 45,000 ", Trinity Logistics Inc , (806) 722-0500 , Available 
 05/23 7:47pm , 5/23 , VF , 52 ," Sealy, TX", — ," Amarillo, TX", 583 , F , — , 48 ," 45,000 ", Trinity Logistics Inc , (806) 722-0500 , Available 
 05/23 7:47pm , 5/23 , VF , 137 ," Elgin, TX", — ," Midland, TX", 382 , F , — , 48 ," 45,000 ", Trinity Logistics Inc , (806) 722-0500 , Available 
 05/23 7:47pm , 5/23 , VF , 137 ," Elgin, TX", — ," Lubbock, TX", 398 , F , — , 48 ," 45,000 ", Trinity Logistics Inc , (806) 722-0500 , Available 
 05/23 7:47pm , 5/23 , VR , 0 ," Houston, TX", — ," Grand Prairie, TX", 251 , F , $700 , 53 ," 38,581 ", Ryan Transportation Service Inc , (913) 553-5511 , Available 
 05/23 7:47pm , 5/23 , V , 197 ," San Antonio, TX", — ," Austin, TX", 79 , F , — , 53 ," 22,000 ", Rpm Freight Systems Llc , (248) 414-1910 x2 , Available 
 05/23 7:47pm , 5/23 , V , 26 ," La Porte, TX", — ," Dallas, TX", 265 , F , — , 53 ," 42,500 ", Amino Transport Inc , (210) 446-1311 , Available 
 05/23 7:47pm , 5/23 , V , 19 ," Deer Park, TX", — ," Roanoke, TX", 289 , F , $800 , 53 ," 43,000 ", HIGH STANDARD FREIGHT INC , (754) 999-3337 , Unavailable 
 05/23 7:47pm , 5/23 , V , 0 ," Houston, TX", — ," Dallas, TX", 241 , F , — , 53 ," 26,220 ", Total Quality Logistics Inc , (800) 580-3101 , Available 
 05/23 7:47pm , 5/23 , V , 168 ," Temple, TX", — ," Debary, FL"," 1,126 ", F , — , 53 ," 44,000 ", Corporate Traffic Inc/Corporate Transportation , jesse.lawrence@corporatetraffic.com , Available 
 05/23 7:47pm , 5/23 , VR , 45 ," Magnolia, TX", — ," Kankakee, IL"," 1,036 ", F , — , 48 ," 40,000 ", Griffith , (479) 846-0033 , Available 
 05/23 7:47pm , 5/23 , VR , 45 ," Magnolia, TX", — ," Eastland, TX", 311 , F , — , 48 ," 40,000 ", Griffith , (479) 846-0033 , Available 
 05/23 7:47pm , 5/23 , V , 19 ," Humble, TX", — ," Brownsville, TX", 373 , F , — , 53 ," 10,000 ", Fastmore Logistics LLC , connor.voss@fastmore.com , Available 
 05/23 7:46pm , 5/23 , V , 110 ," Orange, TX", — ," Texarkana, AR", 259 , F ," $1,000 ", 53 ," 41,414 ", Coyote Logistics Llc , (773) 799-2118 , Available 
 05/23 7:46pm , 5/23 , V , 26 ," La Porte, TX", — ," Roanoke, TX", 297 , F , — , 53 ," 42,500 ", Manco Logistics Corp , (706) 229-8961 , Available 
 05/23 7:46pm , 5/23 , VR , 165 ," Austin, TX", — ," Dallas, TX", 197 , F , — , 53 ," 42,000 ", SUNTECK TRANSPORT CO LLC , (904) 503-5932 , Available 
 05/23 7:46pm , 5/23 , VR , 165 ," Austin, TX", — ," Farmers Branch, TX", 209 , F , — , 53 ," 42,000 ", SUNTECK TRANSPORT CO LLC , (904) 503-5932 , Available 
 05/23 7:46pm , 5/23 , VR , 165 ," Austin, TX", — ," Farmers Branch, TX", 209 , F , — , 53 ," 41,000 ", SUNTECK TRANSPORT CO LLC , Calvin.Green@suntecktts.com , Available 
 05/23 7:46pm , 5/23 , V , 0 ," Houston, TX", — ," Ft Worth, TX", 270 , F , — , 53 ," 40,000 ", Brown Logistics Services Inc , capacity1@brownlogisticsservices.com , Available 
 05/23 7:46pm , 5/23 , V , 26 ," La Porte, TX", — ," Amarillo, TX", 631 , F , — , 53 ," 39,771 ", Veritiv Operating Company , (866) 797-5018 , Available 
 05/23 7:46pm , 5/23 , V , 26 ," La Porte, TX", — ," Tehachapi, CA"," 1,637 ", F , — , 53 ," 42,000 ", Summit Logistics Group LLC , (910) 356-1132 x120 , Available 
 05/23 7:46pm , 5/23 , V , 0 ," Houston, TX", — ," Longview, TX", 211 , F , $800 , 53 ," 43,500 ", Landstar Ranger Inc , (479) 378-5787 , Available 
 05/23 7:46pm , 5/23 , V , 0 ," Houston, TX", — ," Longview, TX", 211 , F , $800 , 53 ," 43,500 ", Landstar Ranger Inc , alice@shipmvp.com , Available 
 05/23 7:46pm , 5/23 , V , 175 ," Center, TX", — ," Llano, TX", 333 , F , — , 53 ," 45,000 ", American Diamond Logistics Llc , (281) 866-4993 , Available 
 05/23 7:46pm , 5/23 , V , 162 ," Seguin, TX", — ," Midland, TX", 368 , F , — , 53 ," 40,000 ", Universal Capacity Solutions LLC , ent6_loads@shipwithu.com , Available 
 05/23 7:46pm , 5/23 , V , 197 ," San Antonio, TX", — ," Abilene, TX", 258 , F , — , 53 ," 43,000 ", Pepsi Logistics Company Inc , Bruno.Kondi@pepsico.com , Available 
 05/23 7:46pm , 5/23 , V , 197 ," San Antonio, TX", — ," Abilene, TX", 258 , F , — , 53 ," 43,000 ", Pepsi Logistics Company Inc , Bruno.Kondi@pepsico.com , Available 
 05/23 7:46pm , 5/23 , V , 165 ," Austin, TX", — ," El Paso, TX", 576 , F , — , 53 ," 44,500 ", Interglobal Logistics Inc , (915) 591-2999 , Unavailable 
 05/23 7:46pm , 5/23 , V , 144 ," Lake Charles, LA", — ," Wadsworth, OH"," 1,210 ", F ," $3,900 ", 53 ," 44,000 ", Transport Distribution Services Inc , Johncp@RaffertyGlobalLogistics.com , Available 
 05/23 7:46pm , 5/23 , V , 197 ," San Antonio, TX", — ," Austin, TX", 79 , F , $500 , 53 ," 25,000 ", Rpm Freight Systems Llc , (248) 414-1910 x2 , Available 
 05/23 7:46pm , 5/23 , V , 91 ," Port Arthur, TX", — ," Dallas, TX", 328 , F , — , 53 ," 35,000 ", Rpm Freight Systems Llc , (248) 414-1910 x2 , Available 
 05/23 7:46pm , 5/23 , V , 166 ," DeRidder, LA", — ," Massillon, OH"," 1,109 ", F , — , 53 ," 43,000 ", Confiance Logistics Llc , (800) 848-0684 , Available 
 05/23 7:46pm , 5/23 , V , 166 ," DeRidder, LA", — ," Massillon, OH"," 1,109 ", F , — , 53 ," 43,000 ", Confiance Logistics Llc , loads@confiancellc.com , Available 
 05/23 7:46pm , 5/23 , V , 162 ," Seguin, TX", — ," Midland, TX", 368 , F ," $1,400 ", 53 ," 40,000 ", Universal Capacity Solutions LLC , (615) 986-7190 , Available 
 05/23 7:46pm , 5/23 , V , 0 ," Houston, TX", — ," Austin, TX", 165 , F , $750 , 53 ," 40,000 ", Big Bird Transportation Inc , Loads2@bigbirdinc.com , Available 
 05/23 7:46pm , 5/23 , V , 68 ," Eagle Lake, TX", — ," Corpus Christi, TX", 181 , F , — , 53 ," 10,000 ", Eshipping , wstewart@eshipping.biz , Available 
 05/23 7:46pm , 5/23 , V , 110 ," Orange, TX", — ," Findlay, OH"," 1,173 ", F , — , 53 ," 43,763 ", XPO Logistics LLC , (888) 300-9381 , Available 
 05/23 7:45pm , 5/23 , V , 0 ," Houston, TX", — ," Weslaco, TX", 346 , F , $525 , 48 ," 43,260 ", Coyote Logistics Llc , (773) 799-2118 , Available 
 05/23 7:45pm , 5/23 , V , 27 ," Baytown, TX", — ," Kilgore, TX", 215 , F , $700 , 53 ," 38,400 ", Coyote Logistics Llc , (773) 799-2118 , Available 
 05/23 7:45pm , 5/23 , V , 19 ," Humble, TX", — ," Austin, TX", 168 , F , $700 , 53 ," 15,000 ", Landstar Ranger Inc , (856) 226-4942 , Available 
 05/23 7:45pm , 5/23 , VT , 144 ," Lake Charles, LA", — ," Arthur, IL", 883 , F , — , 53 ," 40,000 ", Online Freight Service Inc , (651) 468-6868 , Available 
 05/23 7:45pm , 5/23 , V , 38 ," La Marque, TX", — ," Takoma Park, MD"," 1,423 ", P , $850 , 5 ," 2,500 ", Globaltranz/Lps , (480) 291-6518 , Available 
 05/23 7:45pm , 5/23 , V , 165 ," Austin, TX", — ," Orlando, FL"," 1,127 ", P , $650 , 5 ," 2,500 ", Globaltranz/Lps , (480) 291-6518 , Available 
 05/23 7:45pm , 5/23 , V , 19 ," Deer Park, TX", — ," Ft Worth, TX", 286 , F , — , 53 ," 43,000 ", Echo Global Logistics Inc , (214) 710-3745 , Available 
 05/23 7:45pm , 5/23 , V , 153 ," Fairfield, TX", — ," Ft Worth, TX", 119 , F , — , 53 ," 5,000 ", Bedrock Logistics , (469) 909-1278 , Available 
 05/23 7:45pm , 5/23 , V , 29 ," Seabrook, TX", — ," Castroville, CA"," 1,893 ", F , — , — ," 42,000 ", Traffic Tech , (312) 465-1440 , Available 
 05/23 7:45pm , 5/23 , V , 104 ," Silsbee, TX", — ," Ft Worth, TX", 316 , F ," $1,000 ", 53 ," 44,000 ", Ryan Transportation Service Inc , tjung@ryantrans.com , Available 
 05/23 7:45pm , 5/23 , V , 104 ," Silsbee, TX", — ," Ft Worth, TX", 316 , F ," $1,000 ", 53 ," 44,000 ", Ryan Transportation Service Inc , (913) 553-5441 , Available 
 05/23 7:45pm , 5/23 , VR , 126 ," Victoria, TX", — ," Waxahachie, TX", 270 , F , $800 , 53 ," 40,000 ", Ryan Transportation Service Inc , tjung@ryantrans.com , Available 
 05/23 7:45pm , 5/23 , V , 104 ," Silsbee, TX", — ," Ft Worth, TX", 316 , F ," $1,000 ", 53 ," 44,000 ", Ryan Transportation Service Inc , (913) 553-5441 , Available 
 05/23 7:45pm , 5/23 , V , 96 ," Schulenburg, TX", — ," Davie, FL"," 1,259 ", F , — , 53 ," 22,832 ", Total Quality Logistics Inc , (800) 580-3101 , Available 
 05/23 7:45pm , 5/23 , V , 0 ," Houston, TX", — ," Ft Worth, TX", 270 , F , $650 , 53 ," 40,000 ", Patriot Transport Services Inc , allen@patriottransportservices.com , Unavailable 
 05/23 7:45pm , 5/23 , V , 15 ," Pasadena, TX", — ," Waco, TX", 199 , F , — , 53 ," 44,000 ", ArcBest Logistics Inc , (877) 930-4443 , Available 
 05/23 7:45pm , 5/23 , V , 0 ," Houston, TX", — ," The Colony, TX", 268 , F , — , 53 ," 42,500 ", Landstar Ranger , (281) 807-5567 , Available 
 05/23 7:45pm , 5/23 , VR , 26 ," La Porte, TX", — ," El Paso, TX", 770 , F , — , 53 ," 35,000 ", Landstar Ranger , (956) 340-4321 , Available 
 05/23 7:45pm , 5/23 , V , 0 ," Houston, TX", — ," Dallas, TX", 241 , F , — , 53 ," 40,000 ", Bronco Transportation Services LLC , (313) 887-0648 , Unavailable 
 05/23 7:45pm , 5/23 , V , 0 ," Houston, TX", — ," Dallas, TX", 241 , F , $700 , 53 ," 40,000 ", Bronco Transportation Services LLC , (313) 960-4121 , Unavailable 
 05/23 7:45pm , 5/23 , V , 0 ," Houston, TX", — ," Morris, IL"," 1,022 ", F ," $2,600 ", 53 ," 22,000 ", Circle Logistics Inc , (260) 203-0045 x7851 , Available 
 05/23 7:45pm , 5/23 , VR , 0 ," Houston, TX", — ," Cleveland, OH"," 1,309 ", F , — , 48 ," 40,000 ", Total Quality Logistics Inc , (800) 580-3101 , Available 
 05/23 7:45pm , 5/23 , VR , 0 ," Houston, TX", — ," Toledo, OH"," 1,246 ", F , — , 48 ," 40,000 ", Total Quality Logistics Inc , (800) 580-3101 , Available 
 05/23 7:45pm , 5/23 , V , 110 ," Orange, TX", — ," Findlay, OH"," 1,173 ", F , — , 53 ," 43,763 ", XPO Logistics LLC , (888) 300-9381 , Available 
 05/23 7:45pm , 5/23 , VR , 0 ," Houston, TX", — ," Dallas, TX", 241 , F , $602 , 53 ," 25,773 ", Total Quality Logistics Inc , (800) 580-3101 , Available 
 05/23 7:45pm , 5/23 , V , 168 ," Temple, TX", — ," Maywood, CA"," 1,441 ", F , — , 53 ," 42,500 ", Total Quality Logistics Inc , (800) 580-3101 , Available 
 05/23 7:45pm , 5/23 , V , 0 ," Houston, TX", — ," El Paso, TX", 744 , F , — , 53 ," 34,681 ", Whitacre Logistics Services/Whitacre Logistics , (832) 534-8555 x1 , Available 
 05/23 7:44pm , 5/23 , V , 0 ," Houston, TX", — ," Hidalgo, TX", 355 , F , — , 53 ," 40,000 ", Best Bay Logistics Inc , kevin.johnson@bestbaylogistics.com , Available 
 05/23 7:44pm , 5/23 , V , 168 ," Temple, TX", — ," N Little Rock, AR", 448 , F , $900 , 48 ," 43,000 ", Net Logistics Llc , (315) 228-1176 , Available 
 05/23 7:44pm , 5/23 , V , 0 ," Houston, TX", — ," Nacogdoches, TX", 141 , F , $525 , 53 ," 44,000 ", Uber Freight Llc , (872) 703-8346 , Available 
 05/23 7:44pm , 5/23 , V , 0 ," Houston, TX", — ," Tyler, TX", 205 , F , — , 53 ," 44,000 ", Uber Freight Llc , (872) 703-8346 , Available 
 05/23 7:44pm , 5/23 , V , 0 ," Houston, TX", — ," Arlington, TX", 257 , F , $700 , 52 ," 44,380 ", Beemac Logistics , (205) 206-9376 , Available 
 05/23 7:43pm , 5/23 , V , 19 ," Humble, TX", — ," Brownsville, TX", 373 , F , — , 53 ," 10,000 ", Fastmore Logistics LLC , connor.voss@fastmore.com , Available 
 05/23 7:43pm , 5/23 , V , 197 ," San Antonio, TX", — ," Lakeland, FL"," 1,173 ", F ," $3,600 ", 53 ," 20,000 ", Kenco Transportation , (303) 903-3870 , Available 
 05/23 7:43pm , 5/23 , V , 175 ," Belton, TX", — ," Dallas, TX", 138 , F , — , 53 ," 42,003 ", Pepsi Logistics Company Inc , (469) 897-5782 , Available 
 05/23 7:43pm , 5/23 , VR , 197 ," San Antonio, TX", — ," Abilene, TX", 258 , F , — , 53 ," 43,809 ", Pepsi Logistics Company Inc , (469) 897-5782 , Available 
 05/23 7:42pm , 5/23 , V , 141 ," Westlake, LA", — ," San Jose, CA"," 2,024 ", F ," $4,000 ", 53 ," 39,000 ", Landstar Ranger Inc , (870) 650-4080 , Available 
 05/23 7:42pm , 5/23 , V , 141 ," Westlake, LA", — ," San Jose, CA"," 2,024 ", F ," $4,000 ", 53 ," 39,000 ", Landstar Ranger Inc , greg@lhtagency.com , Available 
 05/23 7:42pm , 5/23 , V , 0 ," Houston, TX", — ," Llano, TX", 236 , F , $850 , 53 ," 45,000 ", Emerge Transportation , (602) 635-1340 , Available 
 05/23 7:42pm , 5/23 , V , 0 ," Houston, TX", — ," Llano, TX", 236 , F , $850 , 53 ," 45,000 ", Emerge Transportation , (602) 635-1340 , Available 
 05/23 7:42pm , 5/23 , V , 0 ," Houston, TX", — ," Wichita Falls, TX", 388 , F ," $1,200 ", 53 ," 45,000 ", Emerge Transportation , (602) 635-1340 , Available 
 05/23 7:42pm , 5/23 , V , 0 ," Houston, TX", — ," Wichita Falls, TX", 388 , F ," $1,200 ", 53 ," 45,000 ", Emerge Transportation , (602) 635-1340 , Available 
 05/23 7:42pm , 5/23 , V , 0 ," Houston, TX", — ," Wichita Falls, TX", 388 , F ," $1,200 ", 53 ," 45,000 ", Emerge Transportation , (602) 635-1340 , Available 
 05/23 7:42pm , 5/23 , V , 0 ," Houston, TX", — ," Llano, TX", 236 , F , $850 , 53 ," 45,000 ", Emerge Transportation , (602) 635-1340 , Available 
 05/23 7:42pm , 5/23 , V , 0 ," Houston, TX", — ," Dallas, TX", 241 , F , $800 , 53 ," 41,000 ", Allen Lund Company , doug.plantada@allenlund.com , Available 
 05/23 7:42pm , 5/23 , V , 0 ," Houston, TX", — ," Dallas, TX", 241 , F , $800 , 53 ," 41,000 ", Allen Lund Company , (800) 300-5863 , Available 
 05/23 7:42pm , 5/23 , V , 0 ," Houston, TX", — ," Dallas, TX", 241 , F , $800 , 53 ," 41,820 ", Allen Lund Company , (800) 300-5863 , Available 
 05/23 7:42pm , 5/23 , V , 0 ," Houston, TX", — ," Nashville, TN", 784 , F , — , 53 ," 44,000 ", Nolan Transportation Group Inc , (470) 977-2491 , Available 
 05/23 7:41pm , 5/23 , V , 0 ," Houston, TX", — ," Forney, TX", 254 , F , — , 53 ," 44,000 ", Landstar Ranger Inc , (254) 324-7914 , Available 
 05/23 7:41pm , 5/23 , V , 165 ," Austin, TX", — ," San Jose, CA"," 1,718 ", F ," $3,300 ", 53 ," 43,000 ", Total Quality Logistics Inc , (800) 580-3101 , Available 
 05/23 7:41pm , 5/23 , V , 141 ," Westlake, LA", — ," San Jose, CA"," 2,024 ", F , — , 53 ," 38,000 ", Landstar Ranger Inc , (469) 945-7575 , Available 
 05/23 7:41pm , 5/23 , V , 135 ," Gonzales, TX", — ," Houston, TX", 135 , F , — , 53 ," 41,000 ", Total Quality Logistics Inc , (800) 580-3101 , Available 
 05/23 7:40pm , 5/23 , V , 0 ," Houston, TX", — ," Cuyahoga Hts, OH"," 1,305 ", F , — , 48 ," 40,000 ", Total Quality Logistics Inc , (800) 580-3101 x51894 , Available 
 05/23 7:40pm , 5/23 , VR , 0 ," Houston, TX", — ," El Paso, TX", 744 , F , — , 53 ," 44,000 ", Circle Logistics Inc , matthew.laveille@circledelivers.com , Available 
 05/23 7:40pm , 5/23 , V , 0 ," Houston, TX", — ," Weslaco, TX", 346 , F , $525 , 48 ," 43,320 ", Coyote Logistics Llc , (773) 799-2118 , Available 
 05/23 7:40pm , 5/23 , V , 168 ," Temple, TX", — ," Lubbock, TX", 369 , F , — , 53 , — , Coyote Logistics Llc , (773) 799-2118 , Available 
 05/23 7:40pm , 5/23 , V , 168 ," Temple, TX", — ," Lubbock, TX", 369 , F , — , 53 , — , Coyote Logistics Llc , (773) 799-2118 , Available 
 05/23 7:40pm , 5/23 , V , 19 ," Humble, TX", — ," Dresden, TN", 670 , F , — , 53 ," 25,000 ", Landstar Ranger Inc , (667) 217-5141 , Available 
 05/23 7:40pm , 5/23 , V , 30 ," Katy, TX", — ," Medley, FL"," 1,205 ", F , — , 53 ," 43,850 ", Landstar Ranger Inc , (954) 801-7767 , Available 
 05/23 7:40pm , 5/23 , V , 117 ," Crockett, TX", — ," Los Angeles, CA"," 1,582 ", F , — , 53 ," 44,000 ", Landstar Ranger Inc , (615) 985-5320 , Available 
 05/23 7:40pm , 5/23 , V , 122 ," Pt Comfort, TX", — ," El Paso, TX", 702 , F , — , 53 ," 44,000 ", Landstar Ranger Inc , (412) 214-0134 , Available 
 05/23 7:40pm , 5/23 , V , 122 ," Pt Comfort, TX", — ," New Braunfels, TX", 145 , F , — , 53 ," 44,000 ", Landstar Ranger Inc , (412) 214-0134 , Available 
 05/23 7:40pm , 5/23 , V , 19 ," Humble, TX", — ," Austin, TX", 168 , F , — , 53 ," 15,000 ", Landstar Ranger Inc , (856) 226-4942 , Available 
 05/23 7:40pm , 5/23 , V , 165 ," Austin, TX", — ," Lakeland, FL"," 1,141 ", F ," $2,900 ", 53 ," 10,000 ", SUNTECK TRANSPORT CO LLC , cblackney@ardentx.com , Available 
 05/23 7:40pm , 5/23 , V , 41 ," Conroe, TX", — ," Lakeland, FL"," 1,015 ", F ," $2,900 ", 53 ," 10,000 ", SUNTECK TRANSPORT CO LLC , (904) 517-5288 , Available 
 05/23 7:40pm , 5/23 , V , 168 ," Temple, TX", — ," Commerce, CA"," 1,439 ", F ," $2,368 ", 53 ," 42,500 ", Total Quality Logistics Inc , (800) 580-3101 , Available 
 05/23 7:40pm , 5/23 , V , 27 ," Baytown, TX", — ," Hialeah Grdns, FL"," 1,167 ", F ," $3,300 ", 53 ," 44,000 ", Landstar Inway , (870) 298-4596 , Available 
 05/23 7:40pm , 5/23 , V , 197 ," San Antonio, TX", — ," Dayton, OH"," 1,258 ", P ," $2,400 ", 15 ," 8,000 ", Flock Freight Inc , (858) 295-7802 , Available 
 05/23 7:40pm , 5/23 , V , 197 ," San Antonio, TX", — ," Dayton, OH"," 1,258 ", P ," $1,600 ", 15 ," 7,500 ", Flock Freight Inc , (858) 295-7802 , Available 
 05/23 7:40pm , 5/23 , V , 15 ," Pasadena, TX", — ," Van Horn, TX", 626 , F , — , 53 ," 44,650 ", Taylor Logistics Inc , (513) 252-3348 , Available 
 05/23 7:40pm , 5/23 , VR , 186 ," Corsicana, TX", — ," Jacksonville, FL", 981 , F ," $2,150 ", 53 ," 30,000 ", Act Brokerage Inc , (813) 625-5592 , Available 
 05/23 7:39pm , 5/23 , VR , 0 ," Houston, TX", — ," Flower Mound, TX", 270 , F , $700 , 53 ," 15,000 "," Total Quality Logistics, Inc ", (800) 580-3101 x63174 , Available 
 05/23 7:39pm , 5/23 , VR , 0 ," Houston, TX", — ," Flower Mound, TX", 270 , F , $700 , 53 ," 15,000 "," Total Quality Logistics, Inc ", (800) 580-3101 x63174 , Available 
 05/23 7:39pm , 5/23 , V , 0 ," Houston, TX", — ," Mesquite, TX", 242 , F ," $1,000 ", 53 ," 42,000 ", Prosponsive Logistics , (678) 686-0933 x4042 , Available 
 05/23 7:39pm , 5/23 , V , 0 ," Houston, TX", — ," Belleville, IL", 798 , F ," $1,800 ", 53 ," 14,574 ", Nolan Transportation Group Inc , (312) 262-7264 , Available 
 05/23 7:39pm , 5/23 , V , 0 ," Houston, TX", — ," Trumann, AR", 581 , F , — , 53 ," 45,000 ", Shine Logistics LLC , (916) 306-0119 , Unavailable 
 05/23 7:39pm , 5/23 , V , 0 ," Houston, TX", — ," Ft Worth, TX", 270 , F , — , 53 ," 45,000 ", Shine Logistics LLC , (916) 306-0119 , Unavailable 
 05/23 7:39pm , 5/23 , V , 0 ," Houston, TX", — ," Dallas, TX", 241 , F , — , 53 ," 45,000 ", Shine Logistics LLC , (916) 306-0119 , Unavailable 
 05/23 7:39pm , 5/23 , V , 197 ," San Antonio, TX", — ," Gilroy, CA"," 1,659 ", F , — , 53 ," 40,000 ", TransCorr/Venture Connect Llc , micarriersalesspotmarket@venturelogistics.com , Available 
 05/23 7:38pm , 5/23 , V , 135 ," Sulphur, LA", — ," Orange, TX", 26 , F , — , 53 ," 43,500 ", Total Quality Logistics Inc , (800) 580-3101 , Available 
 05/23 7:38pm , 5/23 , V , 165 ," Mexia, TX", — ," Little Rock, AR", 399 , F , — , 53 ," 45,000 ", Total Quality Logistics Inc , (800) 580-3101 , Available 
 05/23 7:38pm , 5/23 , V , 197 ," San Antonio, TX", — ," Odessa, TX", 340 , F ," $1,300 ", 53 ," 39,000 ", XPO Logistics LLC , thomas.marshall@xpo.com , Available 
 05/23 7:38pm , 5/23 , V , 168 ," Temple, TX", — ," Cleburne, TX", 96 , F , $600 , 53 ," 45,200 ", Edge Logistics Llc , (312) 319-4766 x1 , Available 
 05/23 7:38pm , 5/23 , VR , 197 ," San Antonio, TX", — ," New Caney, TX", 227 , F , — , 53 ," 45,200 ", Edge Logistics Llc , (312) 319-4766 x1 , Available 
 05/23 7:38pm , 5/23 , V , 0 ," Houston, TX", — ," Alameda, CA"," 1,911 ", F , — , 53 ," 42,382 ", Evans Transportation Services Inc , (952) 213-4230 , Available 
 05/23 7:38pm , 5/23 , VR , 197 ," San Antonio, TX", — ," Houston, TX", 197 , F , — , 53 ," 45,200 ", Edge Logistics Llc , (312) 319-4766 x1 , Available 
 05/23 7:38pm , 5/23 , VR , 197 ," San Antonio, TX", — ," New Caney, TX", 227 , F , — , 53 ," 45,200 ", Edge Logistics Llc , (312) 319-4766 x1 , Available 
 05/23 7:38pm , 5/23 , V , 197 ," San Antonio, TX", — ," Gilroy, CA"," 1,659 ", F , — , 53 ," 40,000 ", TransCorr/Venture Connect Llc , micarriersalesspotmarket@venturelogistics.com , Available 
 05/23 7:37pm , 5/23 , V , 197 ," San Antonio, TX", — ," McAllen, TX", 240 , F , $750 , 53 ," 25,000 ", SEL SUPPLY CHAIN SOLUTIONS LLC , (615) 590-8744 , Available 
 05/23 7:37pm , 5/23 , VR , 0 ," Houston, TX", — ," Flower Mound, TX", 270 , F , $705 , 53 ," 25,700 ", Total Quality Logistics Inc , (800) 580-3101 x63499 , Available 
 05/23 7:37pm , 5/23 , V , 0 ," Houston, TX", — ," Forney, TX", 254 , F , — , 53 ," 44,000 ", Scott Logistics Corporation , (256) 273-7299 , Available 
 05/23 7:37pm , 5/23 , VR , 26 ," La Porte, TX", — ," Dallas, TX", 265 , F , — , 48 ," 43,300 ", Total Quality Logistics Inc , (800) 580-3101 , Available 
 05/23 7:37pm , 5/23 , VR , 186 ," Waco, TX", — ," Joliet, IL", 988 , F , — , 53 ," 43,500 ", Total Quality Logistics Inc , (800) 580-3101 , Available 
 05/23 7:36pm , 5/23 , VR , 27 ," Baytown, TX", — ," El Paso, TX", 769 , F , — , 48 ," 39,337 ", Ch Robinson Company , (833) 428-5247 , Available 
 05/23 7:36pm , 5/23 , V , 15 ," Pasadena, TX", — ," Dallas, TX", 254 , F , — , 53 ," 40,000 ", Liberty Solutions Logistics Llc , (513) 964-0075 , Available 
 05/23 7:36pm , 5/23 , V , 120 ," Lufkin, TX", — ," Pt Comfort, TX", 241 , F , $700 , 53 ," 32,000 ", Arrive Logistics , tcavalieri@arrivelogistics.com , Available 
 05/23 7:36pm , 5/23 , V , 120 ," Lufkin, TX", — ," Pt Comfort, TX", 241 , F , $700 , 53 ," 32,000 ", Arrive Logistics , tcavalieri@arrivelogistics.com , Available 
 05/23 7:36pm , 5/23 , V , 0 ," Houston, TX", — ," Dallas, TX", 241 , F , $700 , 53 ," 45,000 ", Logistic Group Of America , (877) 220-3169 , Available 
 05/23 7:36pm , 5/23 , V , 0 ," Houston, TX", — ," Trumann, AR", 581 , F , — , 53 ," 45,000 ", Logistic Group Of America , (877) 220-3169 , Available 
 05/23 7:36pm , 5/23 , V , 0 ," Houston, TX", — ," Ft Worth, TX", 270 , F , $700 , 53 ," 45,000 ", Logistic Group Of America , (877) 220-3169 , Available 
 05/23 7:36pm , 5/23 , V , 168 ," Temple, TX", — ," Texarkana, TX", 306 , F , — , 53 ," 40,000 ", Total Quality Logistics Inc , (800) 580-3101 x55042 , Available 
 05/23 7:36pm , 5/23 , V , 28 ," Spring, TX", — ," Laredo, TX", 373 , F , — , 53 ," 43,000 ", Washington Freight Ways Inc , (206) 385-4329 , Unavailable 
 05/23 7:36pm , 5/23 , V , 91 ," Port Arthur, TX", — ," Laredo, TX", 444 , F , $900 , 53 ," 42,000 ", Bba Logistics Llc , (702) 780-1075 , Unavailable 
 05/23 7:36pm , 5/23 , VF , 52 ," Sealy, TX", — ," Amarillo, TX", 583 , F , — , 48 ," 40,000 ", Ari Logistics Llc , (773) 832-8600 , Available 
 05/23 7:36pm , 5/23 , VF , 137 ," Elgin, TX", — ," Lubbock, TX", 398 , F , — , 48 ," 40,000 ", Ari Logistics Llc , (773) 832-8600 , Available 
 05/23 7:36pm , 5/23 , VF , 52 ," Sealy, TX", — ," Lubbock, TX", 496 , F , — , 48 ," 40,000 ", Ari Logistics Llc , (773) 832-8600 , Available 
 05/23 7:36pm , 5/23 , VF , 52 ," Sealy, TX", — ," San Angelo, TX", 356 , F , — , 48 ," 40,000 ", Ari Logistics Llc , (773) 832-8600 , Available 
 05/23 7:36pm , 5/23 , VF , 52 ," Sealy, TX", — ," San Angelo, TX", 356 , F , — , 48 ," 40,000 ", Ari Logistics Llc , (773) 832-8600 , Available 
 05/23 7:36pm , 5/23 , V , 27 ," Baytown, TX", — ," Brownsville, TX", 379 , F , — , 53 ," 44,000 ", Trans-Pro Logistic Inc , (514) 858-6482 x5119 , Available 
 05/23 7:36pm , 5/23 , V , 26 ," La Porte, TX", — ," Tyler, TX", 223 , F , — , 53 ," 33,608 ", XPO Logistics LLC , giang.tran@xpo.com , Available 
 05/23 7:35pm , 5/23 , V , 186 ," Corsicana, TX", — ," Ft Worth, TX", 87 , F , — , 53 ," 30,000 ", BCB Transport LLC , (817) 728-5525 , Available 
 05/23 7:35pm , 5/23 , VA , 27 ," Baytown, TX", — ," Broadview, IL"," 1,110 ", P , — , 18 ," 14,500 ", Mardi Transportation Inc , (708) 482-4622 , Unavailable 
 05/23 7:35pm , 5/23 , V , 175 ," Belton, TX", — ," Dallas, TX", 138 , F , $750 , 53 ," 42,003 ", Pepsi Logistics Company Inc , (469) 897-5693 , Available 
 05/23 7:35pm , 5/23 , VR , 197 ," San Antonio, TX", — ," Abilene, TX", 258 , F ," $1,400 ", 53 ," 45,500 ", Pepsi Logistics Company Inc , (469) 897-5693 , Available 
 05/23 7:35pm , 5/23 , VR , 0 ," Houston, TX", — ," Little Rock, AR", 439 , F ," $1,500 ", 48 ," 45,499 ", Coyote Logistics Llc , (773) 799-2118 , Available 
 05/23 7:35pm , 5/23 , V , 0 ," Houston, TX", — ," Hidalgo, TX", 355 , F , $500 , 53 ," 40,000 ", Landstar Ranger Inc , nathan@shipmvp.com , Available 
 05/23 7:35pm , 5/23 , V , 0 ," Houston, TX", — ," Hidalgo, TX", 355 , F , $500 , 53 ," 40,000 ", Landstar Ranger Inc , (479) 378-5787 , Available 
 05/23 7:35pm , 5/23 , VR , 0 ," Houston, TX", — ," Houston, TX", 0 , F , — , 48 ," 40,824 ", Total Quality Logistics Inc , (800) 580-3101 , Available 
 05/23 7:35pm , 5/23 , V , 15 ," Pasadena, TX", — ," Ft Smith, AR", 530 , F , — , 53 ," 20,000 ", Landstar Ligon , (713) 714-4671 , Available 
 05/23 7:35pm , 5/23 , V , 0 ," Houston, TX", — ," Nashville, TN", 784 , F ," $1,800 ", 53 ," 2,300 ", North Eastern Freight Inc , margaret@northeasternfreightinc.com , Unavailable 
 05/23 7:35pm , 5/23 , VR , 0 ," Houston, TX", — ," Flower Mound, TX", 270 , F , $700 , 53 ," 25,687 ", Total Quality Logistics Inc , (800) 580-3101 , Available 
 05/23 7:35pm , 5/23 , V , 117 ," Crockett, TX", — ," Los Angeles, CA"," 1,582 ", F , — , 53 ," 44,000 ", Landstar Ranger Inc , (615) 985-5320 , Available 
 05/23 7:35pm , 5/23 , V , 0 ," Houston, TX", — ," Oakland, CA"," 1,913 ", F , — , 48 ," 45,000 ", ROXANA MACEDON INC , (630) 348-9998 , Unavailable 
 05/23 7:35pm , 5/23 , V , 0 ," Houston, TX", — ," Laredo, TX", 353 , F , — , 53 ," 43,000 ", Washington Freight Ways Inc , (206) 385-4329 , Unavailable 
 05/23 7:35pm , 5/23 , V , 135 ," Sulphur, LA", — ," Orange, TX", 26 , F , — , 53 ," 43,500 ", Total Quality Logistics Inc , DHuggins@tql.com , Available 
 05/23 7:34pm , 5/23 , VR , 0 ," Houston, TX", — ," Longview, TX", 211 , F , $750 , 53 ," 44,000 ", Archerhub , loadinfo@archerhub.com , Available 
 05/23 7:34pm , 5/23 , VR , 0 ," Houston, TX", — ," Odessa, TX", 535 , F ," $1,350 ", 53 ," 44,000 ", Archerhub , loadinfo@archerhub.com , Available 
 05/23 7:34pm , 5/23 , VR , 0 ," Houston, TX", — ," Texarkana, TX", 294 , F , $800 , 53 ," 44,000 ", Archerhub , loadinfo@archerhub.com , Available 
 05/23 7:34pm , 5/23 , V , 144 ," Lake Charles, LA", — ," Ennis, TX", 346 , F , — , 53 ," 40,000 "," Avenue Logistics, LLC ", (773) 945-1058 , Available 
 05/23 7:33pm , 5/23 , V , 0 ," Houston, TX", — ," Richmond, CA"," 1,925 ", F , — , 53 ," 15,000 ", Logistics In Vision Enterprises Inc , (630) 755-0044 , Available 
 05/23 7:32pm , 5/23 , V , 19 ," Humble, TX", — ," Midland, TX", 556 , F ," $1,600 ", 53 ," 40,000 ", Meadow Lark Agency , (406) 237-0873 , Available 
 05/23 7:32pm , 5/23 , V , 141 ," Westlake, LA", — ," Houston, TX", 141 , F , $700 , 53 ," 44,000 ", Axle Logistics Llc , Ryan.moor@axlelogistics.com , Available 
 05/23 7:32pm , 5/23 , V , 197 ," San Antonio, TX", — ," Tampa, FL"," 1,175 ", F , — , 53 ," 43,000 ", Jear Logistics LLC , (843) 884-2626 x263 , Available 
 05/23 7:32pm , 5/23 , V , 197 ," San Antonio, TX", — ," Tampa, FL"," 1,175 ", F , — , 53 ," 43,000 ", Jear Logistics LLC , heywardb@jearlogistics.com , Available 
 05/23 7:32pm , 5/23 , V , 0 ," Houston, TX", — ," El Paso, TX", 744 , F ," $1,700 ", 53 ," 22,000 ", Arrive Logistics , (737) 234-3997 , Available 
 05/23 7:32pm , 5/23 , V , 0 ," Houston, TX", — ," Dallas, TX", 241 , F , — , 53 ," 45,000 ", AOK Freight LLC , (816) 301-6226 x2025 , Available 
 05/23 7:32pm , 5/23 , V , 0 ," Houston, TX", — ," Ft Worth, TX", 270 , F , — , 53 ," 45,000 ", AOK Freight LLC , (816) 301-6226 x2025 , Available 
 05/23 7:32pm , 5/23 , V , 0 ," Houston, TX", — ," Trumann, AR", 581 , F , — , 53 ," 45,000 ", AOK Freight LLC , (816) 301-6226 x2025 , Available 
 05/23 7:32pm , 5/23 , V , 0 ," Houston, TX", — ," Dickinson, TX", 30 , F , — , 53 ," 45,000 ", AOK Freight LLC , (816) 301-6226 x2025 , Available 
 05/23 7:32pm , 5/23 , V , 165 ," Austin, TX", — ," El Paso, TX", 576 , F , — , 53 ," 44,500 ", Interglobal Logistics Inc , (915) 591-2999 , Unavailable 
 05/23 7:31pm , 5/23 , V , 175 ," Georgetown, TX", — ," El Paso, TX", 603 , F , — , 53 ," 44,500 ", Interglobal Logistics Inc , (915) 591-2999 , Unavailable 
 05/23 7:31pm , 5/23 , V , 15 ," Pasadena, TX", — ," Itasca, TX", 239 , F , $800 , 53 ," 45,000 ", Landstar Ranger Inc , (870) 650-4202 , Available 
 05/23 7:31pm , 5/23 , V , 168 ," Round Rock, TX", — ," Camarillo, CA"," 1,445 ", F ," $2,800 ", 53 ," 40,000 ", Ryan Transportation Service Inc , ssullivan@ryantrans.com , Available 
 05/23 7:31pm , 5/23 , V , 73 ," Brenham, TX", — ," Lewisville, TX", 230 , F , $700 , 53 ," 42,000 ", Ascent Global Logistics Llc , (732) 903-8982 , Available 
 05/23 7:31pm , 5/23 , V , 21 ," Sugar Land, TX", — ," Springdale, AR", 601 , F , — , 53 , 1 , Viking Transportation Company Llc , (662) 407-0157 , Available 
 05/23 7:31pm , 5/23 , V , 15 ," Pasadena, TX", — ," Springdale, AR", 596 , F , — , 53 , 1 , Viking Transportation Company Llc , (662) 407-0157 , Available 
 05/23 7:31pm , 5/23 , V , 0 ," Houston, TX", — ," Springdale, AR", 583 , F , — , 53 , 1 , Viking Transportation Company Llc , (662) 407-0157 , Available 
 05/23 7:31pm , 5/23 , V , 27 ," Baytown, TX", — ," Russellville, AR", 522 , F , — , 53 , 1 , Viking Transportation Company Llc , (662) 407-0157 , Available 
 05/23 7:31pm , 5/23 , V , 27 ," Baytown, TX", — ," Alma, AR", 470 , F , — , 53 , 1 , Viking Transportation Company Llc , (662) 407-0157 , Available 
 05/23 7:31pm , 5/23 , VR , 26 ," La Porte, TX", — ," Camden, AR", 382 , F ," $1,153 ", 48 ," 45,499 ", Coyote Logistics Llc , (773) 799-2118 , Available 
 05/23 7:31pm , 5/23 , V , 162 ," Seguin, TX", — ," Odessa, TX", 373 , F ," $1,300 ", 53 ," 39,569 ", XPO Logistics LLC , (980) 308-6003 , Available 
 05/23 7:31pm , 5/23 , V , 104 ," Silsbee, TX", — ," Ft Worth, TX", 316 , F ," $1,100 ", 53 ," 43,230 ", Ryan Transportation Service Inc , (913) 553-5514 , Available 
 05/23 7:31pm , 5/23 , V , 0 ," Houston, TX", — ," Tampa, FL", 981 , F , — , 53 ," 7,000 ", SUNTECK TRANSPORT CO LLC , (904) 517-5212 , Available 
 05/23 7:30pm , 5/23 , V , 135 ," Gonzales, TX", — ," Houston, TX", 135 , F , — , 53 ," 41,000 ", Total Quality Logistics Inc , (800) 580-3101 , Available 
 05/23 7:30pm , 5/23 , V , 110 ," Orange, TX", — ," Laredo, TX", 463 , F , — , 53 ," 40,000 ", Arrive Logistics , (737) 252-3678 , Available 
 05/23 7:30pm , 5/23 , V , 0 ," Houston, TX", — ," Chilton, TX", 168 , F , $900 , 53 ," 44,000 ", Fair Freight Logistics LLC , (412) 227-8886 , Available 
 05/23 7:30pm , 5/23 , V , 0 ," Houston, TX", — ," Temple, TX", 168 , F , $500 , 53 ," 30,000 ", Landstar Ranger Inc , shelly@lsppl.com , Available 
 05/23 7:30pm , 5/23 , V , 141 ," Westlake, LA", — ," San Jose, CA"," 2,024 ", F ," $4,200 ", 53 ," 38,000 ", Landstar Ranger Inc , (615) 985-5287 , Available 
 05/23 7:30pm , 5/23 , VT , 0 ," Houston, TX", — ," Elk Grove Vlg, IL"," 1,104 ", P , — , 32 ," 33,730 ", Dsv Road Inc , (803) 650-3100 , Available 
 05/23 7:30pm , 5/23 , V , 51 ," Galveston, TX", — ," Houston, TX", 51 , F , $450 , 53 ," 45,000 ", Echo Global Logistics Inc , (480) 980-5364 , Available 
 05/23 7:30pm , 5/23 , V , 0 ," Houston, TX", — ," Dallas, TX", 241 , F , $800 , 53 ," 41,820 ", Allen Lund Company , (800) 254-5863 , Available 
 05/23 7:30pm , 5/23 , VF , 176 ," New Braunfels, TX", — ," El Paso, TX", 571 , F ," $1,000 ", 48 ," 44,000 ", Bedrock Logistics , (469) 238-0320 , Available 
 05/23 7:30pm , 5/23 , VF , 176 ," New Braunfels, TX", — ," Kermit, TX", 383 , F , — , — ," 44,000 ", Bedrock Logistics , (469) 238-0320 , Available 
 05/23 7:30pm , 5/23 , VF , 176 ," New Braunfels, TX", — ," Kermit, TX", 383 , F ," $1,000 ", — ," 44,000 ", Bedrock Logistics , (469) 238-0320 , Available 
 05/23 7:30pm , 5/23 , V , 0 ," Houston, TX", — ," Stuart, FL"," 1,089 ", F , — , 53 ," 35,000 ", Scott Logistics Corporation , (479) 306-6060 , Available 
 05/23 7:30pm , 5/23 , V , 165 ," Austin, TX", — ," Camarillo, CA"," 1,430 ", F ," $3,200 ", 53 ," 40,000 ", Ryan Transportation Service Inc , tmorgan@ryantrans.com , Available 
 05/23 7:30pm , 5/23 , RV , 197 ," San Antonio, TX", — ," McAllen, TX", 240 , F , — , 53 ," 40,000 ", Mode Transportation Llc , (956) 279-0697 , Available 
 05/23 7:30pm , 5/23 , V , 197 ," San Antonio, TX", — ," McAllen, TX", 240 , F , — , 53 ," 40,000 ", Mode Transportation Llc , (956) 279-0697 , Available 
 05/23 7:30pm , 5/23 , V , 0 ," Houston, TX", — ," McAllen, TX", 347 , F , — , 53 ," 40,000 ", Mode Transportation Llc , (956) 279-0697 , Available 
 05/23 7:30pm , 5/23 , V , 197 ," San Antonio, TX", — ," Columbus, OH"," 1,313 ", F , — , 53 ," 44,000 ", Total Quality Logistics Inc , (800) 580-3101 , Available 
 05/23 7:30pm , 5/23 , VR , 0 ," Houston, TX", — ," Dallas, TX", 241 , F , $900 , 53 ," 43,550 ", England Logistics Inc , AWhatcott@englandlogistics.com , Available 
 05/23 7:30pm , 5/23 , V , 26 ," La Porte, TX", — ," Seabrook, TX", 8 , F , — , 53 ," 39,684 ", ArcBest Logistics Inc , (877) 930-4443 , Available 
 05/23 7:30pm , 5/23 , V , 0 ," Houston, TX", — ," Ennis, TX", 206 , F , — , 53 ," 40,000 ", ArcBest Logistics Inc , (877) 930-4443 , Available 
 05/23 7:30pm , 5/23 , V , 15 ," Pasadena, TX", — ," Waco, TX", 199 , F , — , 53 ," 44,000 ", ArcBest Logistics Inc , (877) 930-4443 , Available 
 05/23 7:30pm , 5/23 , V , 15 ," Pasadena, TX", — ," Waco, TX", 199 , F , — , 53 ," 44,000 ", ArcBest Logistics Inc , (877) 930-4443 , Available 
 05/23 7:30pm , 5/23 , V , 15 ," Pasadena, TX", — ," Waco, TX", 199 , F , $875 , 53 ," 44,000 ", ArcBest Logistics Inc , (877) 279-8144 , Available 
 05/23 7:30pm , 5/23 , V , 122 ," Pt Comfort, TX", — ," El Paso, TX", 702 , F , — , 53 ," 43,000 ", Landstar Ranger , (830) 271-1571 , Available 
 05/23 7:30pm , 5/23 , V , 165 ," Austin, TX", — ," Santa Rosa, CA"," 1,806 ", F , — , 53 ," 7,000 ", XPO Logistics LLC , (720) 420-7490 , Available 
 05/23 7:30pm , 5/23 , V , 110 ," Orange, TX", — ," Bridgeview, IL"," 1,066 ", F , — , 53 ," 42,000 ", VIVO LOGISTICS LLC , neal@vivologistics.info , Unavailable 
 05/23 7:30pm , 5/23 , VR , 0 ," Houston, TX", — ," Concord Twp, OH"," 1,309 ", F , — , 53 ," 16,000 ", Globaltranz Enterprises Llc , (412) 715-5803 , Available 
 05/23 7:30pm , 5/23 , V , 197 ," San Antonio, TX", — ," Tampa, FL"," 1,175 ", F , — , 53 ," 7,000 ", SUNTECK TRANSPORT CO LLC , (904) 517-5212 , Available 
 05/23 7:29pm , 5/23 , V , 26 ," La Porte, TX", — ," Roanoke, TX", 297 , F , — , 53 ," 42,500 ", Manco Logistics Corp , (256) 484-4145 , Available 
 05/23 7:29pm , 5/23 , V , 0 ," Houston, TX", — ," Dallas, TX", 241 , F , $850 , 53 ," 40,000 ", Bronco Transportation Services LLC , (313) 312-1644 , Unavailable 
 05/23 7:29pm , 5/23 , V , 177 ," Cibolo, TX", — ," San Benito, TX", 271 , F , — , 53 ," 30,000 ", TForce Wordwide Inc , mrodriguez@tfwwi.com , Available 
 05/23 7:29pm , 5/23 , V , 0 ," Houston, TX", — ," Leander, TX", 179 , F , $600 , 53 ," 40,000 ", Nolan Transportation Group Inc , (972) 884-4473 , Available 
 05/23 7:29pm , 5/23 , VR , 19 ," Deer Park, TX", — ," Huron, OH"," 1,290 ", F ," $2,800 ", 53 ," 42,044 ", Dupre Logistics LLC , (844) 452-8977 , Available 
 05/23 7:29pm , 5/23 , V , 177 ," Cibolo, TX", — ," Cleburne, TX", 227 , F , — , 53 ," 30,000 ", TForce Wordwide Inc , mrodriguez@tfwwi.com , Available 
 05/23 7:29pm , 5/23 , VM , 0 ," Houston, TX", — ," Cleveland, OH"," 1,309 ", F ," $4,300 ", 53 ," 40,000 ", American Transport Group Llc , (312) 348-1443 , Available 
 05/23 7:29pm , 5/23 , V , 33 ," Rosenberg, TX", — ," Celebration, FL", 998 , F ," $2,500 ", 53 ," 30,000 ", Namal Logistics LLC , (800) 360-1842 , Available 
 05/23 7:29pm , 5/23 , V , 19 ," Humble, TX", — ," Oakland, CA"," 1,931 ", P , $375 , 26 ," 3,622 ", American Lamprecht Transport Inc , (832) 758-3165 , Available 
 05/23 7:29pm , 5/23 , VR , 0 ," Houston, TX", — ," Odessa, TX", 535 , F , — , 53 ," 43,500 ", Volta Logistics Inc , aroettger@voltalogistics.com , Available 
 05/23 7:29pm , 5/23 , VR , 0 ," Houston, TX", — ," Abilene, TX", 416 , F , — , 53 ," 43,500 ", Volta Logistics Inc , aroettger@voltalogistics.com , Available 
 05/23 7:28pm , 5/23 , V , 0 ," Houston, TX", — ," El Paso, TX", 744 , F , — , 53 ," 43,500 ", Sun City Group Inc , (915) 593-5900 , Available 
 05/23 7:28pm , 5/23 , V , 0 ," Houston, TX", — ," Houston, TX", 0 , F , — , 53 ," 45,000 ", West Motor , wkw@westmotor.com , Available 
 05/23 7:28pm , 5/23 , V , 52 ," Sealy, TX", — ," Lubbock, TX", 496 , F , — , 48 ," 44,000 ", RHL Logistics , (843) 407-7919 , Available 
 05/23 7:28pm , 5/23 , V , 0 ," Houston, TX", — ," Lubbock, TX", 581 , F , — , 48 ," 44,000 ", RHL Logistics , (843) 407-7919 , Available 
 05/23 7:27pm , 5/23 , V , 165 ," Austin, TX", — ," Heber Spgs, AR", 575 , F ," $1,000 ", 20 ," 10,000 ", PLS Logistics Services , (904) 435-9521 , Available 
 05/23 7:27pm , 5/23 , V , 165 ," Austin, TX", — ," Heber Spgs, AR", 575 , P ," $1,000 ", 20 ," 10,000 ", PLS Logistics Services , (904) 435-9521 , Available 
 05/23 7:27pm , 5/23 , VR , 0 ," Houston, TX", — ," Leander, TX", 179 , F , — , 53 ," 5,000 ", Ch Robinson Company , (833) 428-5247 , Available 
 05/23 7:27pm , 5/23 , V , 135 ," Gonzales, TX", — ," Houston, TX", 135 , F , $800 , 53 ," 41,000 ", Total Quality Logistics Inc , (800) 580-3101 x42752 , Available 
 05/23 7:27pm , 5/23 , V , 110 ," Orange, TX", — ," Camden, AR", 309 , F ," $1,100 ", 53 ," 28,000 ", New Age Logistics , (312) 602-0906 , Available 
 05/23 7:26pm , 5/23 , V , 0 ," Houston, TX", — ," Morristown, TN", 969 , F , — , 53 ," 40,000 ", Total Quality Logistics Inc , (800) 580-3101 , Available 
 05/23 7:26pm , 5/23 , V , 0 ," Houston, TX", — ," Knoxville, TN", 922 , F , — , 53 ," 40,000 ", Total Quality Logistics Inc , (800) 580-3101 , Available 
 05/23 7:26pm , 5/23 , VR , 186 ," Corsicana, TX", — ," San Diego, CA"," 1,410 ", F ," $1,700 ", 53 ," 44,000 ", Axle Logistics Llc , caleb.wilkinson@axlelogistics.com , Available 
